	imagepath	type	heights	widths	channels
0	train/Type_1/0.jpg	Type_1	3264	2448	3
1	train/Type_1/1013.jpg	Type_1	3264	2448	3
2	train/Type_1/1014.jpg	Type_1	4128	3096	3
3	train/Type_1/1019.jpg	Type_1	3264	2448	3
4	train/Type_1/1023.jpg	Type_1	4128	3096	3
5	train/Type_1/1024.jpg	Type_1	3264	2448	3
6	train/Type_1/1026.jpg	Type_1	4128	3096	3
7	train/Type_1/1027.jpg	Type_1	4128	2322	3
8	train/Type_1/102.jpg	Type_1	3264	2448	3
9	train/Type_1/1033.jpg	Type_1	4128	3096	3
10	train/Type_1/1040.jpg	Type_1	3264	2448	3
11	train/Type_1/104.jpg	Type_1	4128	3096	3
12	train/Type_1/1056.jpg	Type_1	3264	2448	3
13	train/Type_1/1059.jpg	Type_1	4128	3096	3
14	train/Type_1/1061.jpg	Type_1	3264	2448	3
15	train/Type_1/1070.jpg	Type_1	3264	2448	3
16	train/Type_1/1071.jpg	Type_1	3264	2448	3
17	train/Type_1/1077.jpg	Type_1	4128	3096	3
18	train/Type_1/1079.jpg	Type_1	3264	2448	3
19	train/Type_1/1093.jpg	Type_1	3264	2448	3
20	train/Type_1/109.jpg	Type_1	3264	2448	3
21	train/Type_1/10.jpg	Type_1	4128	3096	3
22	train/Type_1/1100.jpg	Type_1	3264	2448	3
23	train/Type_1/1105.jpg	Type_1	4128	3096	3
24	train/Type_1/1123.jpg	Type_1	4128	3096	3
25	train/Type_1/1131.jpg	Type_1	4128	3096	3
26	train/Type_1/1134.jpg	Type_1	4128	3096	3
27	train/Type_1/1136.jpg	Type_1	4128	3096	3
28	train/Type_1/1139.jpg	Type_1	4128	3096	3
29	train/Type_1/1154.jpg	Type_1	3264	2448	3
30	train/Type_1/1161.jpg	Type_1	3264	2448	3
31	train/Type_1/1168.jpg	Type_1	4128	3096	3
32	train/Type_1/1174.jpg	Type_1	3264	2448	3
33	train/Type_1/1179.jpg	Type_1	4128	3096	3
34	train/Type_1/1190.jpg	Type_1	3264	2448	3
35	train/Type_1/1194.jpg	Type_1	4128	3096	3
36	train/Type_1/1199.jpg	Type_1	3264	2448	3
37	train/Type_1/1202.jpg	Type_1	4160	3120	3
38	train/Type_1/1204.jpg	Type_1	4128	3096	3
39	train/Type_1/1220.jpg	Type_1	4128	3096	3
40	train/Type_1/1223.jpg	Type_1	4128	3096	3
41	train/Type_1/1226.jpg	Type_1	4128	3096	3
42	train/Type_1/1229.jpg	Type_1	4128	3096	3
43	train/Type_1/1230.jpg	Type_1	4128	3096	3
44	train/Type_1/1239.jpg	Type_1	4128	3096	3
45	train/Type_1/1245.jpg	Type_1	4128	3096	3
46	train/Type_1/1251.jpg	Type_1	640	480	3
47	train/Type_1/1273.jpg	Type_1	3264	2448	3
48	train/Type_1/1274.jpg	Type_1	4128	3096	3
49	train/Type_1/1279.jpg	Type_1	3264	2448	3
50	train/Type_1/1281.jpg	Type_1	4128	3096	3
51	train/Type_1/1285.jpg	Type_1	3264	2448	3
52	train/Type_1/1288.jpg	Type_1	3264	2448	3
53	train/Type_1/1289.jpg	Type_1	4128	3096	3
54	train/Type_1/129.jpg	Type_1	4128	3096	3
55	train/Type_1/12.jpg	Type_1	4128	3096	3
56	train/Type_1/1308.jpg	Type_1	4128	3096	3
57	train/Type_1/1314.jpg	Type_1	3264	2448	3
58	train/Type_1/1320.jpg	Type_1	4128	3096	3
59	train/Type_1/1324.jpg	Type_1	4128	3096	3
60	train/Type_1/1326.jpg	Type_1	3264	2448	3
61	train/Type_1/1336.jpg	Type_1	4128	3096	3
62	train/Type_1/1339.jpg	Type_1	4128	3096	3
63	train/Type_1/1344.jpg	Type_1	3264	2448	3
64	train/Type_1/1346.jpg	Type_1	4160	3120	3
65	train/Type_1/1370.jpg	Type_1	3264	2448	3
66	train/Type_1/1384.jpg	Type_1	4128	3096	3
67	train/Type_1/1389.jpg	Type_1	4128	3096	3
68	train/Type_1/138.jpg	Type_1	4128	3096	3
69	train/Type_1/1390.jpg	Type_1	4128	3096	3
70	train/Type_1/1393.jpg	Type_1	4128	3096	3
71	train/Type_1/139.jpg	Type_1	4128	3096	3
72	train/Type_1/13.jpg	Type_1	4128	3096	3
73	train/Type_1/1414.jpg	Type_1	4128	3096	3
74	train/Type_1/1422.jpg	Type_1	4128	3096	3
75	train/Type_1/1427.jpg	Type_1	4128	3096	3
76	train/Type_1/142.jpg	Type_1	4128	3096	3
77	train/Type_1/1430.jpg	Type_1	4128	3096	3
78	train/Type_1/1437.jpg	Type_1	4128	3096	3
79	train/Type_1/1440.jpg	Type_1	4128	3096	3
80	train/Type_1/144.jpg	Type_1	4128	3096	3
81	train/Type_1/1456.jpg	Type_1	4128	3096	3
82	train/Type_1/1464.jpg	Type_1	4128	3096	3
83	train/Type_1/1468.jpg	Type_1	3264	2448	3
84	train/Type_1/1473.jpg	Type_1	4128	3096	3
85	train/Type_1/148.jpg	Type_1	4128	3096	3
86	train/Type_1/14.jpg	Type_1	3264	2448	3
87	train/Type_1/160.jpg	Type_1	4128	3096	3
88	train/Type_1/171.jpg	Type_1	4128	3096	3
89	train/Type_1/176.jpg	Type_1	4128	3096	3
90	train/Type_1/180.jpg	Type_1	4128	3096	3
91	train/Type_1/181.jpg	Type_1	3264	2448	3
92	train/Type_1/191.jpg	Type_1	4128	3096	3
93	train/Type_1/201.jpg	Type_1	4128	3096	3
94	train/Type_1/205.jpg	Type_1	4128	3096	3
95	train/Type_1/208.jpg	Type_1	4128	3096	3
96	train/Type_1/215.jpg	Type_1	4128	3096	3
97	train/Type_1/218.jpg	Type_1	4128	3096	3
98	train/Type_1/229.jpg	Type_1	4128	3096	3
99	train/Type_1/230.jpg	Type_1	3264	2448	3
100	train/Type_1/237.jpg	Type_1	4128	3096	3
101	train/Type_1/239.jpg	Type_1	3264	2448	3
102	train/Type_1/245.jpg	Type_1	4128	3096	3
103	train/Type_1/248.jpg	Type_1	3264	2448	3
104	train/Type_1/252.jpg	Type_1	4128	3096	3
105	train/Type_1/254.jpg	Type_1	4128	3096	3
106	train/Type_1/262.jpg	Type_1	4128	3096	3
107	train/Type_1/265.jpg	Type_1	4128	3096	3
108	train/Type_1/267.jpg	Type_1	3264	2448	3
109	train/Type_1/27.jpg	Type_1	4160	3120	3
110	train/Type_1/281.jpg	Type_1	4128	3096	3
111	train/Type_1/294.jpg	Type_1	4128	3096	3
112	train/Type_1/298.jpg	Type_1	3264	2448	3
113	train/Type_1/306.jpg	Type_1	4128	3096	3
114	train/Type_1/308.jpg	Type_1	3264	2448	3
115	train/Type_1/311.jpg	Type_1	4128	3096	3
116	train/Type_1/333.jpg	Type_1	4128	3096	3
117	train/Type_1/334.jpg	Type_1	3096	4128	3
118	train/Type_1/338.jpg	Type_1	4128	3096	3
119	train/Type_1/342.jpg	Type_1	4128	3096	3
120	train/Type_1/346.jpg	Type_1	4128	3096	3
121	train/Type_1/349.jpg	Type_1	3264	2448	3
122	train/Type_1/34.jpg	Type_1	4128	3096	3
123	train/Type_1/356.jpg	Type_1	4128	3096	3
124	train/Type_1/35.jpg	Type_1	4128	3096	3
125	train/Type_1/376.jpg	Type_1	3264	2448	3
126	train/Type_1/379.jpg	Type_1	4128	3096	3
127	train/Type_1/383.jpg	Type_1	4128	3096	3
128	train/Type_1/384.jpg	Type_1	4128	3096	3
129	train/Type_1/387.jpg	Type_1	3264	2448	3
130	train/Type_1/396.jpg	Type_1	3264	2448	3
131	train/Type_1/401.jpg	Type_1	4160	3120	3
132	train/Type_1/416.jpg	Type_1	3264	2448	3
133	train/Type_1/41.jpg	Type_1	3264	2448	3
134	train/Type_1/421.jpg	Type_1	4128	3096	3
135	train/Type_1/425.jpg	Type_1	4128	3096	3
136	train/Type_1/434.jpg	Type_1	4128	3096	3
137	train/Type_1/441.jpg	Type_1	3264	2448	3
138	train/Type_1/446.jpg	Type_1	3264	2448	3
139	train/Type_1/454.jpg	Type_1	4160	3120	3
140	train/Type_1/463.jpg	Type_1	3264	2448	3
141	train/Type_1/469.jpg	Type_1	2448	3264	3
142	train/Type_1/470.jpg	Type_1	4128	3096	3
143	train/Type_1/471.jpg	Type_1	2448	3264	3
144	train/Type_1/478.jpg	Type_1	3264	2448	3
145	train/Type_1/47.jpg	Type_1	4128	3096	3
146	train/Type_1/481.jpg	Type_1	4128	3096	3
147	train/Type_1/484.jpg	Type_1	4128	3096	3
148	train/Type_1/48.jpg	Type_1	4128	3096	3
149	train/Type_1/497.jpg	Type_1	3264	2448	3
150	train/Type_1/513.jpg	Type_1	3264	2448	3
151	train/Type_1/516.jpg	Type_1	4128	3096	3
152	train/Type_1/518.jpg	Type_1	4128	3096	3
153	train/Type_1/523.jpg	Type_1	4160	3120	3
154	train/Type_1/531.jpg	Type_1	4160	3120	3
155	train/Type_1/532.jpg	Type_1	3264	2448	3
156	train/Type_1/536.jpg	Type_1	3264	2448	3
157	train/Type_1/539.jpg	Type_1	3264	2448	3
158	train/Type_1/550.jpg	Type_1	3264	2448	3
159	train/Type_1/551.jpg	Type_1	4128	3096	3
160	train/Type_1/553.jpg	Type_1	3264	2448	3
161	train/Type_1/558.jpg	Type_1	3264	2448	3
162	train/Type_1/55.jpg	Type_1	4128	3096	3
163	train/Type_1/560.jpg	Type_1	4128	3096	3
164	train/Type_1/562.jpg	Type_1	4128	3096	3
165	train/Type_1/576.jpg	Type_1	3264	2448	3
166	train/Type_1/578.jpg	Type_1	4128	3096	3
167	train/Type_1/579.jpg	Type_1	4128	3096	3
168	train/Type_1/57.jpg	Type_1	4128	3096	3
169	train/Type_1/580.jpg	Type_1	4128	3096	3
170	train/Type_1/582.jpg	Type_1	3096	4128	3
171	train/Type_1/583.jpg	Type_1	3264	2448	3
172	train/Type_1/593.jpg	Type_1	3264	2448	3
173	train/Type_1/596.jpg	Type_1	3264	2448	3
174	train/Type_1/605.jpg	Type_1	4160	3120	3
175	train/Type_1/619.jpg	Type_1	4128	2322	3
176	train/Type_1/620.jpg	Type_1	4128	3096	3
177	train/Type_1/623.jpg	Type_1	4128	3096	3
178	train/Type_1/624.jpg	Type_1	3264	2448	3
179	train/Type_1/641.jpg	Type_1	4128	3096	3
180	train/Type_1/643.jpg	Type_1	3264	2448	3
181	train/Type_1/645.jpg	Type_1	4160	3120	3
182	train/Type_1/649.jpg	Type_1	4128	3096	3
183	train/Type_1/653.jpg	Type_1	4128	3096	3
184	train/Type_1/660.jpg	Type_1	3264	2448	3
185	train/Type_1/663.jpg	Type_1	4128	3096	3
186	train/Type_1/667.jpg	Type_1	4128	3096	3
187	train/Type_1/668.jpg	Type_1	3264	2448	3
188	train/Type_1/677.jpg	Type_1	4128	3096	3
189	train/Type_1/683.jpg	Type_1	4128	3096	3
190	train/Type_1/685.jpg	Type_1	4128	3096	3
191	train/Type_1/700.jpg	Type_1	4128	3096	3
192	train/Type_1/708.jpg	Type_1	4128	3096	3
193	train/Type_1/709.jpg	Type_1	3264	2448	3
194	train/Type_1/710.jpg	Type_1	4128	3096	3
195	train/Type_1/713.jpg	Type_1	4128	3096	3
196	train/Type_1/725.jpg	Type_1	3264	2448	3
197	train/Type_1/727.jpg	Type_1	4128	3096	3
198	train/Type_1/732.jpg	Type_1	4160	3120	3
199	train/Type_1/739.jpg	Type_1	3264	2448	3
200	train/Type_1/745.jpg	Type_1	4128	3096	3
201	train/Type_1/751.jpg	Type_1	3264	2448	3
202	train/Type_1/759.jpg	Type_1	3264	2448	3
203	train/Type_1/763.jpg	Type_1	4128	3096	3
204	train/Type_1/764.jpg	Type_1	4160	3120	3
205	train/Type_1/765.jpg	Type_1	4128	3096	3
206	train/Type_1/769.jpg	Type_1	4160	3120	3
207	train/Type_1/779.jpg	Type_1	4128	3096	3
208	train/Type_1/783.jpg	Type_1	3264	2448	3
209	train/Type_1/787.jpg	Type_1	3264	2448	3
210	train/Type_1/791.jpg	Type_1	3264	2448	3
211	train/Type_1/7.jpg	Type_1	3264	2448	3
212	train/Type_1/802.jpg	Type_1	4128	3096	3
213	train/Type_1/805.jpg	Type_1	4128	3096	3
214	train/Type_1/809.jpg	Type_1	4128	3096	3
215	train/Type_1/810.jpg	Type_1	4128	3096	3
216	train/Type_1/814.jpg	Type_1	3264	2448	3
217	train/Type_1/817.jpg	Type_1	4128	3096	3
218	train/Type_1/81.jpg	Type_1	4128	3096	3
219	train/Type_1/821.jpg	Type_1	4128	3096	3
220	train/Type_1/833.jpg	Type_1	640	480	3
221	train/Type_1/836.jpg	Type_1	3264	2448	3
222	train/Type_1/842.jpg	Type_1	4128	3096	3
223	train/Type_1/846.jpg	Type_1	3264	2448	3
224	train/Type_1/855.jpg	Type_1	3264	2448	3
225	train/Type_1/873.jpg	Type_1	3264	2448	3
226	train/Type_1/879.jpg	Type_1	3264	2448	3
227	train/Type_1/880.jpg	Type_1	3096	4128	3
228	train/Type_1/887.jpg	Type_1	4128	3096	3
229	train/Type_1/889.jpg	Type_1	4128	3096	3
230	train/Type_1/890.jpg	Type_1	4128	3096	3
231	train/Type_1/891.jpg	Type_1	4160	3120	3
232	train/Type_1/895.jpg	Type_1	3264	2448	3
233	train/Type_1/901.jpg	Type_1	3264	2448	3
234	train/Type_1/906.jpg	Type_1	3264	2448	3
235	train/Type_1/908.jpg	Type_1	3264	2448	3
236	train/Type_1/917.jpg	Type_1	4128	3096	3
237	train/Type_1/918.jpg	Type_1	4128	3096	3
238	train/Type_1/920.jpg	Type_1	4128	3096	3
239	train/Type_1/921.jpg	Type_1	4160	3120	3
240	train/Type_1/928.jpg	Type_1	4128	3096	3
241	train/Type_1/930.jpg	Type_1	4128	3096	3
242	train/Type_1/965.jpg	Type_1	3264	2448	3
243	train/Type_1/96.jpg	Type_1	4128	3096	3
244	train/Type_1/972.jpg	Type_1	4128	3096	3
245	train/Type_1/977.jpg	Type_1	4128	3096	3
246	train/Type_1/982.jpg	Type_1	3264	2448	3
247	train/Type_1/984.jpg	Type_1	4128	3096	3
248	train/Type_1/991.jpg	Type_1	3264	2448	3
249	train/Type_1/998.jpg	Type_1	3264	2448	3
250	train/Type_2/1001.jpg	Type_2	4128	3096	3
251	train/Type_2/1002.jpg	Type_2	3264	2448	3
252	train/Type_2/1005.jpg	Type_2	4128	3096	3
253	train/Type_2/1006.jpg	Type_2	3096	4128	3
254	train/Type_2/100.jpg	Type_2	3264	2448	3
255	train/Type_2/1010.jpg	Type_2	3264	2448	3
256	train/Type_2/1011.jpg	Type_2	4128	3096	3
257	train/Type_2/1012.jpg	Type_2	4128	3096	3
258	train/Type_2/1016.jpg	Type_2	4128	3096	3
259	train/Type_2/1017.jpg	Type_2	4128	3096	3
260	train/Type_2/1018.jpg	Type_2	4128	3096	3
261	train/Type_2/101.jpg	Type_2	4128	3096	3
262	train/Type_2/1021.jpg	Type_2	4128	3096	3
263	train/Type_2/1022.jpg	Type_2	3264	2448	3
264	train/Type_2/1025.jpg	Type_2	4128	3096	3
265	train/Type_2/1032.jpg	Type_2	4128	3096	3
266	train/Type_2/1035.jpg	Type_2	4128	3096	3
267	train/Type_2/1036.jpg	Type_2	3264	2448	3
268	train/Type_2/1038.jpg	Type_2	3264	2448	3
269	train/Type_2/1039.jpg	Type_2	3264	2448	3
270	train/Type_2/103.jpg	Type_2	3264	2448	3
271	train/Type_2/1042.jpg	Type_2	4128	3096	3
272	train/Type_2/1043.jpg	Type_2	3264	2448	3
273	train/Type_2/1044.jpg	Type_2	3264	2448	3
274	train/Type_2/1046.jpg	Type_2	3264	2448	3
275	train/Type_2/1047.jpg	Type_2	3264	2448	3
276	train/Type_2/1049.jpg	Type_2	4128	3096	3
277	train/Type_2/1050.jpg	Type_2	3264	2448	3
278	train/Type_2/1051.jpg	Type_2	4128	3096	3
279	train/Type_2/1054.jpg	Type_2	3264	2448	3
280	train/Type_2/1055.jpg	Type_2	3264	2448	3
281	train/Type_2/1057.jpg	Type_2	3264	2448	3
282	train/Type_2/1058.jpg	Type_2	4128	3096	3
283	train/Type_2/105.jpg	Type_2	4128	3096	3
284	train/Type_2/1065.jpg	Type_2	4128	3096	3
285	train/Type_2/1066.jpg	Type_2	4128	3096	3
286	train/Type_2/1067.jpg	Type_2	3264	2448	3
287	train/Type_2/1068.jpg	Type_2	4128	3096	3
288	train/Type_2/1072.jpg	Type_2	3264	2448	3
289	train/Type_2/1073.jpg	Type_2	4128	3096	3
290	train/Type_2/1074.jpg	Type_2	4128	3096	3
291	train/Type_2/1075.jpg	Type_2	3264	2448	3
292	train/Type_2/1076.jpg	Type_2	3264	2448	3
293	train/Type_2/1078.jpg	Type_2	3264	2448	3
294	train/Type_2/107.jpg	Type_2	4128	3096	3
295	train/Type_2/1083.jpg	Type_2	4160	3120	3
296	train/Type_2/1084.jpg	Type_2	4128	3096	3
297	train/Type_2/1085.jpg	Type_2	4128	3096	3
298	train/Type_2/1087.jpg	Type_2	3264	2448	3
299	train/Type_2/1089.jpg	Type_2	4128	3096	3
300	train/Type_2/1090.jpg	Type_2	3264	2448	3
301	train/Type_2/1091.jpg	Type_2	4128	3096	3
302	train/Type_2/1096.jpg	Type_2	4128	3096	3
303	train/Type_2/1097.jpg	Type_2	4128	3096	3
304	train/Type_2/1098.jpg	Type_2	3264	2448	3
305	train/Type_2/1099.jpg	Type_2	4128	3096	3
306	train/Type_2/1102.jpg	Type_2	2448	3264	3
307	train/Type_2/1103.jpg	Type_2	3264	2448	3
308	train/Type_2/1104.jpg	Type_2	3264	2448	3
309	train/Type_2/1106.jpg	Type_2	4128	3096	3
310	train/Type_2/1109.jpg	Type_2	3264	2448	3
311	train/Type_2/110.jpg	Type_2	3264	2448	3
312	train/Type_2/1114.jpg	Type_2	3264	2448	3
313	train/Type_2/1115.jpg	Type_2	4128	3096	3
314	train/Type_2/1116.jpg	Type_2	4128	3096	3
315	train/Type_2/1117.jpg	Type_2	4128	3096	3
316	train/Type_2/1118.jpg	Type_2	4128	3096	3
317	train/Type_2/1119.jpg	Type_2	3264	2448	3
318	train/Type_2/1121.jpg	Type_2	4128	3096	3
319	train/Type_2/1122.jpg	Type_2	3264	2448	3
320	train/Type_2/1124.jpg	Type_2	4128	3096	3
321	train/Type_2/1125.jpg	Type_2	3264	2448	3
322	train/Type_2/1126.jpg	Type_2	3264	2448	3
323	train/Type_2/112.jpg	Type_2	4128	2322	3
324	train/Type_2/1130.jpg	Type_2	3264	2448	3
325	train/Type_2/1132.jpg	Type_2	4128	3096	3
326	train/Type_2/1135.jpg	Type_2	3264	2448	3
327	train/Type_2/1138.jpg	Type_2	3096	4128	3
328	train/Type_2/1140.jpg	Type_2	4128	3096	3
329	train/Type_2/1141.jpg	Type_2	3264	2448	3
330	train/Type_2/1142.jpg	Type_2	4128	3096	3
331	train/Type_2/1143.jpg	Type_2	4128	3096	3
332	train/Type_2/1144.jpg	Type_2	2448	3264	3
333	train/Type_2/1145.jpg	Type_2	3264	2448	3
334	train/Type_2/1146.jpg	Type_2	4128	3096	3
335	train/Type_2/1147.jpg	Type_2	4128	3096	3
336	train/Type_2/1148.jpg	Type_2	4128	3096	3
337	train/Type_2/1149.jpg	Type_2	4128	3096	3
338	train/Type_2/1151.jpg	Type_2	4128	3096	3
339	train/Type_2/1152.jpg	Type_2	3264	2448	3
340	train/Type_2/1155.jpg	Type_2	4128	3096	3
341	train/Type_2/1156.jpg	Type_2	3264	2448	3
342	train/Type_2/1158.jpg	Type_2	3264	2448	3
343	train/Type_2/1159.jpg	Type_2	3264	2448	3
344	train/Type_2/115.jpg	Type_2	4128	3096	3
345	train/Type_2/1160.jpg	Type_2	3264	2448	3
346	train/Type_2/1169.jpg	Type_2	4128	3096	3
347	train/Type_2/116.jpg	Type_2	4128	3096	3
348	train/Type_2/1170.jpg	Type_2	3264	2448	3
349	train/Type_2/1171.jpg	Type_2	4128	3096	3
350	train/Type_2/1172.jpg	Type_2	3264	2448	3
351	train/Type_2/1173.jpg	Type_2	3264	2448	3
352	train/Type_2/1175.jpg	Type_2	3264	2448	3
353	train/Type_2/1176.jpg	Type_2	4128	2322	3
354	train/Type_2/1178.jpg	Type_2	4128	3096	3
355	train/Type_2/117.jpg	Type_2	4128	3096	3
356	train/Type_2/1180.jpg	Type_2	4128	3096	3
357	train/Type_2/1181.jpg	Type_2	4128	3096	3
358	train/Type_2/1184.jpg	Type_2	3264	2448	3
359	train/Type_2/1185.jpg	Type_2	3264	2448	3
360	train/Type_2/1186.jpg	Type_2	3264	2448	3
361	train/Type_2/1187.jpg	Type_2	3264	2448	3
362	train/Type_2/1188.jpg	Type_2	3264	2448	3
363	train/Type_2/1189.jpg	Type_2	4128	3096	3
364	train/Type_2/1192.jpg	Type_2	3264	2448	3
365	train/Type_2/1193.jpg	Type_2	3264	2448	3
366	train/Type_2/1195.jpg	Type_2	4160	3120	3
367	train/Type_2/1196.jpg	Type_2	4128	3096	3
368	train/Type_2/1197.jpg	Type_2	4128	3096	3
369	train/Type_2/1198.jpg	Type_2	4128	3096	3
370	train/Type_2/119.jpg	Type_2	3264	2448	3
371	train/Type_2/1201.jpg	Type_2	3264	2448	3
372	train/Type_2/1203.jpg	Type_2	4128	3096	3
373	train/Type_2/1205.jpg	Type_2	4128	3096	3
374	train/Type_2/1209.jpg	Type_2	3264	2448	3
375	train/Type_2/120.jpg	Type_2	3264	2448	3
376	train/Type_2/1210.jpg	Type_2	4128	3096	3
377	train/Type_2/1211.jpg	Type_2	3264	2448	3
378	train/Type_2/1212.jpg	Type_2	4128	3096	3
379	train/Type_2/1213.jpg	Type_2	3264	2448	3
380	train/Type_2/1214.jpg	Type_2	4128	3096	3
381	train/Type_2/1215.jpg	Type_2	3264	2448	3
382	train/Type_2/1216.jpg	Type_2	4128	3096	3
383	train/Type_2/1217.jpg	Type_2	3264	2448	3
384	train/Type_2/1218.jpg	Type_2	3264	2448	3
385	train/Type_2/1219.jpg	Type_2	3264	2448	3
386	train/Type_2/121.jpg	Type_2	4128	3096	3
387	train/Type_2/1222.jpg	Type_2	3264	2448	3
388	train/Type_2/1225.jpg	Type_2	4128	3096	3
389	train/Type_2/1227.jpg	Type_2	4128	3096	3
390	train/Type_2/1228.jpg	Type_2	4128	3096	3
391	train/Type_2/122.jpg	Type_2	4128	3096	3
392	train/Type_2/1231.jpg	Type_2	4128	3096	3
393	train/Type_2/1233.jpg	Type_2	3264	2448	3
394	train/Type_2/1234.jpg	Type_2	4128	3096	3
395	train/Type_2/1236.jpg	Type_2	4128	3096	3
396	train/Type_2/1238.jpg	Type_2	3264	2448	3
397	train/Type_2/123.jpg	Type_2	3264	2448	3
398	train/Type_2/1240.jpg	Type_2	3264	2448	3
399	train/Type_2/1241.jpg	Type_2	3264	2448	3
400	train/Type_2/1242.jpg	Type_2	4128	3096	3
401	train/Type_2/1243.jpg	Type_2	3264	2448	3
402	train/Type_2/1246.jpg	Type_2	3264	2448	3
403	train/Type_2/1247.jpg	Type_2	4128	3096	3
404	train/Type_2/1249.jpg	Type_2	3264	2448	3
405	train/Type_2/1250.jpg	Type_2	4128	3096	3
406	train/Type_2/1253.jpg	Type_2	4128	3096	3
407	train/Type_2/1255.jpg	Type_2	3264	2448	3
408	train/Type_2/1257.jpg	Type_2	4128	3096	3
409	train/Type_2/1258.jpg	Type_2	3264	2448	3
410	train/Type_2/1260.jpg	Type_2	3264	2448	3
411	train/Type_2/1261.jpg	Type_2	4128	3096	3
412	train/Type_2/1262.jpg	Type_2	3264	2448	3
413	train/Type_2/1263.jpg	Type_2	4128	3096	3
414	train/Type_2/1264.jpg	Type_2	3264	2448	3
415	train/Type_2/1266.jpg	Type_2	3264	2448	3
416	train/Type_2/1267.jpg	Type_2	4128	3096	3
417	train/Type_2/1269.jpg	Type_2	4128	3096	3
418	train/Type_2/126.jpg	Type_2	4128	3096	3
419	train/Type_2/1271.jpg	Type_2	4128	3096	3
420	train/Type_2/1272.jpg	Type_2	4128	3096	3
421	train/Type_2/1276.jpg	Type_2	3264	2448	3
422	train/Type_2/127.jpg	Type_2	3264	2448	3
423	train/Type_2/1282.jpg	Type_2	4128	3096	3
424	train/Type_2/1283.jpg	Type_2	4128	3096	3
425	train/Type_2/128.jpg	Type_2	3264	2448	3
426	train/Type_2/1290.jpg	Type_2	3264	2448	3
427	train/Type_2/1292.jpg	Type_2	3264	2448	3
428	train/Type_2/1293.jpg	Type_2	4128	3096	3
429	train/Type_2/1294.jpg	Type_2	4128	3096	3
430	train/Type_2/1295.jpg	Type_2	3264	2448	3
431	train/Type_2/1297.jpg	Type_2	4128	3096	3
432	train/Type_2/1298.jpg	Type_2	3264	2448	3
433	train/Type_2/1299.jpg	Type_2	4128	3096	3
434	train/Type_2/1301.jpg	Type_2	4128	3096	3
435	train/Type_2/1302.jpg	Type_2	4128	3096	3
436	train/Type_2/1303.jpg	Type_2	3264	2448	3
437	train/Type_2/1304.jpg	Type_2	4128	3096	3
438	train/Type_2/1305.jpg	Type_2	4128	3096	3
439	train/Type_2/1310.jpg	Type_2	4128	3096	3
440	train/Type_2/1311.jpg	Type_2	4128	3096	3
441	train/Type_2/1312.jpg	Type_2	3264	2448	3
442	train/Type_2/1313.jpg	Type_2	4160	3120	3
443	train/Type_2/1315.jpg	Type_2	4128	3096	3
444	train/Type_2/1316.jpg	Type_2	3264	2448	3
445	train/Type_2/1317.jpg	Type_2	4128	3096	3
446	train/Type_2/1318.jpg	Type_2	4128	3096	3
447	train/Type_2/1319.jpg	Type_2	4128	3096	3
448	train/Type_2/131.jpg	Type_2	3264	2448	3
449	train/Type_2/1321.jpg	Type_2	3264	2448	3
450	train/Type_2/1322.jpg	Type_2	4128	3096	3
451	train/Type_2/1325.jpg	Type_2	4128	2322	3
452	train/Type_2/1327.jpg	Type_2	3264	2448	3
453	train/Type_2/1328.jpg	Type_2	4128	3096	3
454	train/Type_2/1329.jpg	Type_2	3264	2448	3
455	train/Type_2/1330.jpg	Type_2	4128	3096	3
456	train/Type_2/1331.jpg	Type_2	3264	2448	3
457	train/Type_2/1334.jpg	Type_2	4128	3096	3
458	train/Type_2/1337.jpg	Type_2	4128	3096	3
459	train/Type_2/1338.jpg	Type_2	4128	3096	3
460	train/Type_2/133.jpg	Type_2	3264	2448	3
461	train/Type_2/1340.jpg	Type_2	4128	3096	3
462	train/Type_2/1342.jpg	Type_2	3264	2448	3
463	train/Type_2/1343.jpg	Type_2	4128	3096	3
464	train/Type_2/1345.jpg	Type_2	4128	3096	3
465	train/Type_2/1348.jpg	Type_2	3264	2448	3
466	train/Type_2/1349.jpg	Type_2	4128	2322	3
467	train/Type_2/134.jpg	Type_2	4128	3096	3
468	train/Type_2/1352.jpg	Type_2	3264	2448	3
469	train/Type_2/1353.jpg	Type_2	3264	2448	3
470	train/Type_2/1354.jpg	Type_2	3264	2448	3
471	train/Type_2/1356.jpg	Type_2	4128	3096	3
472	train/Type_2/1357.jpg	Type_2	4128	3096	3
473	train/Type_2/1358.jpg	Type_2	4128	3096	3
474	train/Type_2/1359.jpg	Type_2	3264	2448	3
475	train/Type_2/1361.jpg	Type_2	4128	3096	3
476	train/Type_2/1362.jpg	Type_2	3264	2448	3
477	train/Type_2/1363.jpg	Type_2	4128	3096	3
478	train/Type_2/1365.jpg	Type_2	3264	2448	3
479	train/Type_2/1368.jpg	Type_2	3264	2448	3
480	train/Type_2/1369.jpg	Type_2	4128	3096	3
481	train/Type_2/136.jpg	Type_2	4128	3096	3
482	train/Type_2/1371.jpg	Type_2	4128	3096	3
483	train/Type_2/1373.jpg	Type_2	4128	3096	3
484	train/Type_2/1376.jpg	Type_2	4128	3096	3
485	train/Type_2/1377.jpg	Type_2	4128	3096	3
486	train/Type_2/1378.jpg	Type_2	4128	3096	3
487	train/Type_2/1379.jpg	Type_2	4128	3096	3
488	train/Type_2/137.jpg	Type_2	4128	3096	3
489	train/Type_2/1380.jpg	Type_2	4128	3096	3
490	train/Type_2/1381.jpg	Type_2	3264	2448	3
491	train/Type_2/1383.jpg	Type_2	4128	3096	3
492	train/Type_2/1385.jpg	Type_2	4128	3096	3
493	train/Type_2/1386.jpg	Type_2	4128	3096	3
494	train/Type_2/1388.jpg	Type_2	4128	3096	3
495	train/Type_2/1391.jpg	Type_2	3264	2448	3
496	train/Type_2/1392.jpg	Type_2	3264	2448	3
497	train/Type_2/1395.jpg	Type_2	4128	3096	3
498	train/Type_2/1398.jpg	Type_2	4128	3096	3
499	train/Type_2/1399.jpg	Type_2	4128	3096	3
500	train/Type_2/1405.jpg	Type_2	4128	3096	3
501	train/Type_2/1406.jpg	Type_2	4128	3096	3
502	train/Type_2/1407.jpg	Type_2	3264	2448	3
503	train/Type_2/140.jpg	Type_2	3264	2448	3
504	train/Type_2/1411.jpg	Type_2	4128	3096	3
505	train/Type_2/1413.jpg	Type_2	4128	3096	3
506	train/Type_2/1415.jpg	Type_2	3264	2448	3
507	train/Type_2/1416.jpg	Type_2	4128	3096	3
508	train/Type_2/1418.jpg	Type_2	4128	2322	3
509	train/Type_2/1419.jpg	Type_2	4128	3096	3
510	train/Type_2/1421.jpg	Type_2	2448	3264	3
511	train/Type_2/1424.jpg	Type_2	4128	3096	3
512	train/Type_2/1426.jpg	Type_2	4160	3120	3
513	train/Type_2/1428.jpg	Type_2	3264	2448	3
514	train/Type_2/1432.jpg	Type_2	3264	2448	3
515	train/Type_2/1433.jpg	Type_2	4128	3096	3
516	train/Type_2/1435.jpg	Type_2	3264	2448	3
517	train/Type_2/1436.jpg	Type_2	4128	3096	3
518	train/Type_2/1438.jpg	Type_2	4128	3096	3
519	train/Type_2/1439.jpg	Type_2	4128	3096	3
520	train/Type_2/1441.jpg	Type_2	3264	2448	3
521	train/Type_2/1443.jpg	Type_2	3264	2448	3
522	train/Type_2/1444.jpg	Type_2	3088	4128	3
523	train/Type_2/1445.jpg	Type_2	3264	2448	3
524	train/Type_2/1446.jpg	Type_2	3264	2448	3
525	train/Type_2/1449.jpg	Type_2	4128	3096	3
526	train/Type_2/1450.jpg	Type_2	4128	3096	3
527	train/Type_2/1451.jpg	Type_2	3264	2448	3
528	train/Type_2/1452.jpg	Type_2	3264	2448	3
529	train/Type_2/1453.jpg	Type_2	3264	2448	3
530	train/Type_2/1454.jpg	Type_2	3264	2448	3
531	train/Type_2/1457.jpg	Type_2	4128	3096	3
532	train/Type_2/1462.jpg	Type_2	4128	3096	3
533	train/Type_2/1463.jpg	Type_2	4128	3096	3
534	train/Type_2/1465.jpg	Type_2	3264	2448	3
535	train/Type_2/1466.jpg	Type_2	4128	3096	3
536	train/Type_2/1467.jpg	Type_2	3264	2448	3
537	train/Type_2/1471.jpg	Type_2	3264	2448	3
538	train/Type_2/1472.jpg	Type_2	4128	3096	3
539	train/Type_2/1474.jpg	Type_2	4128	3096	3
540	train/Type_2/1476.jpg	Type_2	3264	2448	3
541	train/Type_2/1478.jpg	Type_2	3264	2448	3
542	train/Type_2/147.jpg	Type_2	4128	3096	3
543	train/Type_2/1480.jpg	Type_2	4128	3096	3
544	train/Type_2/149.jpg	Type_2	4128	3096	3
545	train/Type_2/151.jpg	Type_2	4128	3096	3
546	train/Type_2/152.jpg	Type_2	4128	3096	3
547	train/Type_2/153.jpg	Type_2	4128	3096	3
548	train/Type_2/156.jpg	Type_2	4128	3096	3
549	train/Type_2/157.jpg	Type_2	3264	2448	3
550	train/Type_2/159.jpg	Type_2	4128	3096	3
551	train/Type_2/15.jpg	Type_2	4128	3096	3
552	train/Type_2/161.jpg	Type_2	4128	3096	3
553	train/Type_2/162.jpg	Type_2	3264	2448	3
554	train/Type_2/164.jpg	Type_2	4128	3096	3
555	train/Type_2/165.jpg	Type_2	4128	3096	3
556	train/Type_2/167.jpg	Type_2	640	480	3
557	train/Type_2/168.jpg	Type_2	4128	3096	3
558	train/Type_2/173.jpg	Type_2	3264	2448	3
559	train/Type_2/175.jpg	Type_2	3264	2448	3
560	train/Type_2/177.jpg	Type_2	3264	2448	3
561	train/Type_2/178.jpg	Type_2	4160	3120	3
562	train/Type_2/17.jpg	Type_2	4128	3096	3
563	train/Type_2/182.jpg	Type_2	4128	3096	3
564	train/Type_2/183.jpg	Type_2	3264	2448	3
565	train/Type_2/184.jpg	Type_2	3264	2448	3
566	train/Type_2/185.jpg	Type_2	3264	2448	3
567	train/Type_2/186.jpg	Type_2	4128	3096	3
568	train/Type_2/189.jpg	Type_2	4128	3096	3
569	train/Type_2/190.jpg	Type_2	4128	3096	3
570	train/Type_2/192.jpg	Type_2	4128	3096	3
571	train/Type_2/195.jpg	Type_2	3264	2448	3
572	train/Type_2/198.jpg	Type_2	4128	3096	3
573	train/Type_2/19.jpg	Type_2	4128	3096	3
574	train/Type_2/1.jpg	Type_2	3264	2448	3
575	train/Type_2/203.jpg	Type_2	3264	2448	3
576	train/Type_2/204.jpg	Type_2	4128	3096	3
577	train/Type_2/206.jpg	Type_2	4128	3096	3
578	train/Type_2/209.jpg	Type_2	3264	2448	3
579	train/Type_2/210.jpg	Type_2	4128	3096	3
580	train/Type_2/213.jpg	Type_2	3264	2448	3
581	train/Type_2/216.jpg	Type_2	3264	2448	3
582	train/Type_2/219.jpg	Type_2	4128	3096	3
583	train/Type_2/21.jpg	Type_2	3264	2448	3
584	train/Type_2/223.jpg	Type_2	4128	3096	3
585	train/Type_2/224.jpg	Type_2	4128	3096	3
586	train/Type_2/225.jpg	Type_2	4128	3096	3
587	train/Type_2/227.jpg	Type_2	4128	3096	3
588	train/Type_2/22.jpg	Type_2	4128	3096	3
589	train/Type_2/231.jpg	Type_2	4128	3096	3
590	train/Type_2/233.jpg	Type_2	4128	3096	3
591	train/Type_2/234.jpg	Type_2	4128	3096	3
592	train/Type_2/235.jpg	Type_2	4128	3096	3
593	train/Type_2/236.jpg	Type_2	3264	2448	3
594	train/Type_2/238.jpg	Type_2	3264	2448	3
595	train/Type_2/240.jpg	Type_2	4128	3096	3
596	train/Type_2/241.jpg	Type_2	4128	3096	3
597	train/Type_2/243.jpg	Type_2	4128	3096	3
598	train/Type_2/244.jpg	Type_2	3264	2448	3
599	train/Type_2/246.jpg	Type_2	4128	3096	3
600	train/Type_2/24.jpg	Type_2	3264	2448	3
601	train/Type_2/250.jpg	Type_2	3264	2448	3
602	train/Type_2/251.jpg	Type_2	3264	2448	3
603	train/Type_2/255.jpg	Type_2	4128	3096	3
604	train/Type_2/257.jpg	Type_2	3264	2448	3
605	train/Type_2/264.jpg	Type_2	4128	3096	3
606	train/Type_2/266.jpg	Type_2	4160	3120	3
607	train/Type_2/268.jpg	Type_2	640	480	3
608	train/Type_2/26.jpg	Type_2	3264	2448	3
609	train/Type_2/270.jpg	Type_2	3264	2448	3
610	train/Type_2/271.jpg	Type_2	4128	3096	3
611	train/Type_2/274.jpg	Type_2	3264	2448	3
612	train/Type_2/276.jpg	Type_2	3096	4128	3
613	train/Type_2/278.jpg	Type_2	4128	3096	3
614	train/Type_2/279.jpg	Type_2	4128	3096	3
615	train/Type_2/282.jpg	Type_2	4128	3096	3
616	train/Type_2/283.jpg	Type_2	4128	3096	3
617	train/Type_2/284.jpg	Type_2	3264	2448	3
618	train/Type_2/285.jpg	Type_2	3264	2448	3
619	train/Type_2/288.jpg	Type_2	4128	3096	3
620	train/Type_2/28.jpg	Type_2	4128	3096	3
621	train/Type_2/290.jpg	Type_2	3264	2448	3
622	train/Type_2/291.jpg	Type_2	4128	3096	3
623	train/Type_2/293.jpg	Type_2	3264	2448	3
624	train/Type_2/296.jpg	Type_2	4128	3096	3
625	train/Type_2/297.jpg	Type_2	3264	2448	3
626	train/Type_2/29.jpg	Type_2	2448	3264	3
627	train/Type_2/2.jpg	Type_2	4160	3120	3
628	train/Type_2/301.jpg	Type_2	2448	3264	3
629	train/Type_2/302.jpg	Type_2	3264	2448	3
630	train/Type_2/303.jpg	Type_2	3096	4128	3
631	train/Type_2/305.jpg	Type_2	4128	3096	3
632	train/Type_2/310.jpg	Type_2	4128	3096	3
633	train/Type_2/312.jpg	Type_2	4128	3096	3
634	train/Type_2/313.jpg	Type_2	4128	3096	3
635	train/Type_2/314.jpg	Type_2	4128	3096	3
636	train/Type_2/315.jpg	Type_2	4128	3096	3
637	train/Type_2/316.jpg	Type_2	4128	3096	3
638	train/Type_2/317.jpg	Type_2	3264	2448	3
639	train/Type_2/319.jpg	Type_2	4128	3096	3
640	train/Type_2/31.jpg	Type_2	3264	2448	3
641	train/Type_2/326.jpg	Type_2	2448	3264	3
642	train/Type_2/329.jpg	Type_2	3264	2448	3
643	train/Type_2/32.jpg	Type_2	3264	2448	3
644	train/Type_2/330.jpg	Type_2	4128	3096	3
645	train/Type_2/331.jpg	Type_2	3264	2448	3
646	train/Type_2/332.jpg	Type_2	4128	3096	3
647	train/Type_2/337.jpg	Type_2	3264	2448	3
648	train/Type_2/339.jpg	Type_2	3264	2448	3
649	train/Type_2/340.jpg	Type_2	4128	3096	3
650	train/Type_2/341.jpg	Type_2	3264	2448	3
651	train/Type_2/343.jpg	Type_2	4128	3096	3
652	train/Type_2/345.jpg	Type_2	3264	2448	3
653	train/Type_2/348.jpg	Type_2	4160	3120	3
654	train/Type_2/351.jpg	Type_2	3264	2448	3
655	train/Type_2/353.jpg	Type_2	3264	2448	3
656	train/Type_2/354.jpg	Type_2	640	480	3
657	train/Type_2/358.jpg	Type_2	3264	2448	3
658	train/Type_2/359.jpg	Type_2	4160	3120	3
659	train/Type_2/360.jpg	Type_2	4128	3096	3
660	train/Type_2/364.jpg	Type_2	4128	3096	3
661	train/Type_2/365.jpg	Type_2	4128	3096	3
662	train/Type_2/366.jpg	Type_2	3264	2448	3
663	train/Type_2/367.jpg	Type_2	3264	2448	3
664	train/Type_2/368.jpg	Type_2	4128	3096	3
665	train/Type_2/369.jpg	Type_2	4128	3096	3
666	train/Type_2/36.jpg	Type_2	3264	2448	3
667	train/Type_2/371.jpg	Type_2	3264	2448	3
668	train/Type_2/372.jpg	Type_2	4128	3096	3
669	train/Type_2/374.jpg	Type_2	4128	3096	3
670	train/Type_2/375.jpg	Type_2	3264	2448	3
671	train/Type_2/377.jpg	Type_2	3264	2448	3
672	train/Type_2/378.jpg	Type_2	4128	3096	3
673	train/Type_2/37.jpg	Type_2	3264	2448	3
674	train/Type_2/381.jpg	Type_2	4128	3096	3
675	train/Type_2/382.jpg	Type_2	3264	2448	3
676	train/Type_2/385.jpg	Type_2	3264	2448	3
677	train/Type_2/386.jpg	Type_2	4128	3096	3
678	train/Type_2/388.jpg	Type_2	4128	3096	3
679	train/Type_2/389.jpg	Type_2	3264	2448	3
680	train/Type_2/393.jpg	Type_2	3264	2448	3
681	train/Type_2/394.jpg	Type_2	3264	2448	3
682	train/Type_2/395.jpg	Type_2	3264	2448	3
683	train/Type_2/397.jpg	Type_2	3264	2448	3
684	train/Type_2/398.jpg	Type_2	4128	3096	3
685	train/Type_2/39.jpg	Type_2	4128	3096	3
686	train/Type_2/400.jpg	Type_2	3264	2448	3
687	train/Type_2/403.jpg	Type_2	4128	3096	3
688	train/Type_2/404.jpg	Type_2	4128	3096	3
689	train/Type_2/406.jpg	Type_2	4128	3096	3
690	train/Type_2/407.jpg	Type_2	3264	2448	3
691	train/Type_2/408.jpg	Type_2	4128	3096	3
692	train/Type_2/40.jpg	Type_2	3264	2448	3
693	train/Type_2/410.jpg	Type_2	4128	3096	3
694	train/Type_2/411.jpg	Type_2	3264	2448	3
695	train/Type_2/412.jpg	Type_2	4128	3096	3
696	train/Type_2/413.jpg	Type_2	3264	2448	3
697	train/Type_2/414.jpg	Type_2	4128	3096	3
698	train/Type_2/418.jpg	Type_2	4128	3096	3
699	train/Type_2/419.jpg	Type_2	4128	3096	3
700	train/Type_2/420.jpg	Type_2	4128	3096	3
701	train/Type_2/423.jpg	Type_2	4128	3096	3
702	train/Type_2/428.jpg	Type_2	3264	2448	3
703	train/Type_2/429.jpg	Type_2	2448	3264	3
704	train/Type_2/42.jpg	Type_2	4128	3096	3
705	train/Type_2/432.jpg	Type_2	4128	3096	3
706	train/Type_2/437.jpg	Type_2	4128	3096	3
707	train/Type_2/438.jpg	Type_2	3264	2448	3
708	train/Type_2/43.jpg	Type_2	4128	3096	3
709	train/Type_2/440.jpg	Type_2	4128	3096	3
710	train/Type_2/442.jpg	Type_2	3264	2448	3
711	train/Type_2/443.jpg	Type_2	4128	3096	3
712	train/Type_2/444.jpg	Type_2	4128	3096	3
713	train/Type_2/445.jpg	Type_2	4128	3096	3
714	train/Type_2/447.jpg	Type_2	4128	3096	3
715	train/Type_2/448.jpg	Type_2	4128	3096	3
716	train/Type_2/449.jpg	Type_2	4128	3096	3
717	train/Type_2/44.jpg	Type_2	4128	3096	3
718	train/Type_2/451.jpg	Type_2	3264	2448	3
719	train/Type_2/452.jpg	Type_2	4128	3096	3
720	train/Type_2/453.jpg	Type_2	4128	3096	3
721	train/Type_2/455.jpg	Type_2	3264	2448	3
722	train/Type_2/456.jpg	Type_2	4128	3096	3
723	train/Type_2/457.jpg	Type_2	4128	3096	3
724	train/Type_2/458.jpg	Type_2	4128	3096	3
725	train/Type_2/45.jpg	Type_2	4128	3096	3
726	train/Type_2/460.jpg	Type_2	4128	3096	3
727	train/Type_2/461.jpg	Type_2	4128	3096	3
728	train/Type_2/462.jpg	Type_2	4128	3096	3
729	train/Type_2/464.jpg	Type_2	3264	2448	3
730	train/Type_2/46.jpg	Type_2	3264	2448	3
731	train/Type_2/472.jpg	Type_2	4128	3096	3
732	train/Type_2/473.jpg	Type_2	4128	3096	3
733	train/Type_2/474.jpg	Type_2	4128	3096	3
734	train/Type_2/476.jpg	Type_2	3264	2448	3
735	train/Type_2/482.jpg	Type_2	3264	2448	3
736	train/Type_2/483.jpg	Type_2	4128	3096	3
737	train/Type_2/485.jpg	Type_2	4128	3096	3
738	train/Type_2/486.jpg	Type_2	3264	2448	3
739	train/Type_2/487.jpg	Type_2	3264	2448	3
740	train/Type_2/488.jpg	Type_2	4128	3096	3
741	train/Type_2/490.jpg	Type_2	3264	2448	3
742	train/Type_2/493.jpg	Type_2	4128	3096	3
743	train/Type_2/496.jpg	Type_2	3264	2448	3
744	train/Type_2/499.jpg	Type_2	3264	2448	3
745	train/Type_2/4.jpg	Type_2	4128	3096	3
746	train/Type_2/501.jpg	Type_2	3264	2448	3
747	train/Type_2/502.jpg	Type_2	3264	2448	3
748	train/Type_2/503.jpg	Type_2	4128	3096	3
749	train/Type_2/504.jpg	Type_2	3264	2448	3
750	train/Type_2/505.jpg	Type_2	4128	3096	3
751	train/Type_2/506.jpg	Type_2	4128	3096	3
752	train/Type_2/507.jpg	Type_2	4128	3096	3
753	train/Type_2/508.jpg	Type_2	3264	2448	3
754	train/Type_2/509.jpg	Type_2	4128	3096	3
755	train/Type_2/515.jpg	Type_2	3264	2448	3
756	train/Type_2/517.jpg	Type_2	4128	3096	3
757	train/Type_2/51.jpg	Type_2	4160	3120	3
758	train/Type_2/521.jpg	Type_2	4128	3096	3
759	train/Type_2/522.jpg	Type_2	4128	3096	3
760	train/Type_2/524.jpg	Type_2	4128	3096	3
761	train/Type_2/525.jpg	Type_2	4128	2322	3
762	train/Type_2/526.jpg	Type_2	3264	2448	3
763	train/Type_2/528.jpg	Type_2	4128	3096	3
764	train/Type_2/529.jpg	Type_2	4128	3096	3
765	train/Type_2/52.jpg	Type_2	3264	2448	3
766	train/Type_2/533.jpg	Type_2	4160	3120	3
767	train/Type_2/534.jpg	Type_2	4128	3096	3
768	train/Type_2/535.jpg	Type_2	4128	3096	3
769	train/Type_2/537.jpg	Type_2	4128	3096	3
770	train/Type_2/538.jpg	Type_2	3264	2448	3
771	train/Type_2/53.jpg	Type_2	4128	3096	3
772	train/Type_2/540.jpg	Type_2	4128	3096	3
773	train/Type_2/541.jpg	Type_2	3264	2448	3
774	train/Type_2/542.jpg	Type_2	3264	2448	3
775	train/Type_2/544.jpg	Type_2	4128	3096	3
776	train/Type_2/545.jpg	Type_2	4128	3096	3
777	train/Type_2/546.jpg	Type_2	3264	2448	3
778	train/Type_2/547.jpg	Type_2	3264	2448	3
779	train/Type_2/548.jpg	Type_2	4128	3096	3
780	train/Type_2/549.jpg	Type_2	3264	2448	3
781	train/Type_2/54.jpg	Type_2	3264	2448	3
782	train/Type_2/552.jpg	Type_2	3264	2448	3
783	train/Type_2/556.jpg	Type_2	4128	3096	3
784	train/Type_2/557.jpg	Type_2	3264	2448	3
785	train/Type_2/559.jpg	Type_2	4128	3096	3
786	train/Type_2/561.jpg	Type_2	4128	3096	3
787	train/Type_2/563.jpg	Type_2	4128	3096	3
788	train/Type_2/564.jpg	Type_2	3264	2448	3
789	train/Type_2/566.jpg	Type_2	3264	2448	3
790	train/Type_2/568.jpg	Type_2	4128	3096	3
791	train/Type_2/569.jpg	Type_2	3264	2448	3
792	train/Type_2/56.jpg	Type_2	4128	3096	3
793	train/Type_2/570.jpg	Type_2	3264	2448	3
794	train/Type_2/572.jpg	Type_2	3264	2448	3
795	train/Type_2/574.jpg	Type_2	4128	3096	3
796	train/Type_2/577.jpg	Type_2	3264	2448	3
797	train/Type_2/581.jpg	Type_2	4128	3096	3
798	train/Type_2/584.jpg	Type_2	4128	3096	3
799	train/Type_2/586.jpg	Type_2	3264	2448	3
800	train/Type_2/588.jpg	Type_2	3264	2448	3
801	train/Type_2/589.jpg	Type_2	3264	2448	3
802	train/Type_2/591.jpg	Type_2	4128	3096	3
803	train/Type_2/592.jpg	Type_2	4128	3096	3
804	train/Type_2/595.jpg	Type_2	4128	3096	3
805	train/Type_2/597.jpg	Type_2	4128	3096	3
806	train/Type_2/601.jpg	Type_2	3264	2448	3
807	train/Type_2/602.jpg	Type_2	3264	2448	3
808	train/Type_2/603.jpg	Type_2	4128	3096	3
809	train/Type_2/607.jpg	Type_2	3264	2448	3
810	train/Type_2/608.jpg	Type_2	4128	3096	3
811	train/Type_2/609.jpg	Type_2	3264	2448	3
812	train/Type_2/60.jpg	Type_2	4128	3096	3
813	train/Type_2/610.jpg	Type_2	4128	3096	3
814	train/Type_2/611.jpg	Type_2	4128	3096	3
815	train/Type_2/612.jpg	Type_2	4128	3096	3
816	train/Type_2/613.jpg	Type_2	4128	3096	3
817	train/Type_2/614.jpg	Type_2	4128	2322	3
818	train/Type_2/615.jpg	Type_2	2448	3264	3
819	train/Type_2/616.jpg	Type_2	4128	3096	3
820	train/Type_2/618.jpg	Type_2	3264	2448	3
821	train/Type_2/621.jpg	Type_2	3264	2448	3
822	train/Type_2/622.jpg	Type_2	4128	3096	3
823	train/Type_2/632.jpg	Type_2	4128	3096	3
824	train/Type_2/633.jpg	Type_2	3264	2448	3
825	train/Type_2/634.jpg	Type_2	3264	2448	3
826	train/Type_2/639.jpg	Type_2	4128	3096	3
827	train/Type_2/640.jpg	Type_2	4128	3096	3
828	train/Type_2/642.jpg	Type_2	4128	3096	3
829	train/Type_2/644.jpg	Type_2	4128	3096	3
830	train/Type_2/647.jpg	Type_2	3264	2448	3
831	train/Type_2/648.jpg	Type_2	3264	2448	3
832	train/Type_2/64.jpg	Type_2	4128	3096	3
833	train/Type_2/651.jpg	Type_2	4128	3096	3
834	train/Type_2/652.jpg	Type_2	4128	3096	3
835	train/Type_2/655.jpg	Type_2	3264	2448	3
836	train/Type_2/656.jpg	Type_2	3264	2448	3
837	train/Type_2/657.jpg	Type_2	3264	2448	3
838	train/Type_2/658.jpg	Type_2	4128	3096	3
839	train/Type_2/659.jpg	Type_2	4128	3096	3
840	train/Type_2/65.jpg	Type_2	3264	2448	3
841	train/Type_2/662.jpg	Type_2	3096	4128	3
842	train/Type_2/665.jpg	Type_2	4128	3096	3
843	train/Type_2/666.jpg	Type_2	4128	3096	3
844	train/Type_2/66.jpg	Type_2	4128	3096	3
845	train/Type_2/671.jpg	Type_2	3264	2448	3
846	train/Type_2/673.jpg	Type_2	4128	3096	3
847	train/Type_2/674.jpg	Type_2	3264	2448	3
848	train/Type_2/676.jpg	Type_2	4128	3096	3
849	train/Type_2/678.jpg	Type_2	3264	2448	3
850	train/Type_2/67.jpg	Type_2	3264	2448	3
851	train/Type_2/680.jpg	Type_2	4128	3096	3
852	train/Type_2/681.jpg	Type_2	4128	3096	3
853	train/Type_2/684.jpg	Type_2	4128	3096	3
854	train/Type_2/686.jpg	Type_2	3264	2448	3
855	train/Type_2/687.jpg	Type_2	3264	2448	3
856	train/Type_2/688.jpg	Type_2	4128	3096	3
857	train/Type_2/68.jpg	Type_2	3264	2448	3
858	train/Type_2/691.jpg	Type_2	3264	2448	3
859	train/Type_2/693.jpg	Type_2	3264	2448	3
860	train/Type_2/696.jpg	Type_2	4128	3096	3
861	train/Type_2/698.jpg	Type_2	4128	3096	3
862	train/Type_2/699.jpg	Type_2	3264	2448	3
863	train/Type_2/6.jpg	Type_2	4128	3096	3
864	train/Type_2/701.jpg	Type_2	4128	3096	3
865	train/Type_2/702.jpg	Type_2	4128	3096	3
866	train/Type_2/703.jpg	Type_2	3264	2448	3
867	train/Type_2/704.jpg	Type_2	3264	2448	3
868	train/Type_2/705.jpg	Type_2	4128	3096	3
869	train/Type_2/707.jpg	Type_2	3264	2448	3
870	train/Type_2/712.jpg	Type_2	3264	2448	3
871	train/Type_2/714.jpg	Type_2	4128	3096	3
872	train/Type_2/716.jpg	Type_2	3264	2448	3
873	train/Type_2/717.jpg	Type_2	4128	3096	3
874	train/Type_2/718.jpg	Type_2	3264	2448	3
875	train/Type_2/719.jpg	Type_2	4128	3096	3
876	train/Type_2/720.jpg	Type_2	3264	2448	3
877	train/Type_2/722.jpg	Type_2	3264	2448	3
878	train/Type_2/723.jpg	Type_2	4128	3096	3
879	train/Type_2/724.jpg	Type_2	4128	3096	3
880	train/Type_2/726.jpg	Type_2	4128	3096	3
881	train/Type_2/729.jpg	Type_2	4128	3096	3
882	train/Type_2/72.jpg	Type_2	4128	2322	3
883	train/Type_2/730.jpg	Type_2	3264	2448	3
884	train/Type_2/738.jpg	Type_2	3264	2448	3
885	train/Type_2/741.jpg	Type_2	4128	3096	3
886	train/Type_2/743.jpg	Type_2	4128	3096	3
887	train/Type_2/744.jpg	Type_2	3264	2448	3
888	train/Type_2/748.jpg	Type_2	4128	3096	3
889	train/Type_2/749.jpg	Type_2	4128	3096	3
890	train/Type_2/74.jpg	Type_2	4128	3096	3
891	train/Type_2/753.jpg	Type_2	3264	2448	3
892	train/Type_2/754.jpg	Type_2	3264	2448	3
893	train/Type_2/756.jpg	Type_2	3264	2448	3
894	train/Type_2/75.jpg	Type_2	3264	2448	3
895	train/Type_2/760.jpg	Type_2	4128	3096	3
896	train/Type_2/761.jpg	Type_2	4128	3096	3
897	train/Type_2/762.jpg	Type_2	4128	3096	3
898	train/Type_2/768.jpg	Type_2	4128	3096	3
899	train/Type_2/76.jpg	Type_2	4128	3096	3
900	train/Type_2/771.jpg	Type_2	4128	3096	3
901	train/Type_2/772.jpg	Type_2	4128	3096	3
902	train/Type_2/775.jpg	Type_2	3264	2448	3
903	train/Type_2/777.jpg	Type_2	4128	3096	3
904	train/Type_2/77.jpg	Type_2	4128	3096	3
905	train/Type_2/781.jpg	Type_2	4160	3120	3
906	train/Type_2/785.jpg	Type_2	4128	3096	3
907	train/Type_2/786.jpg	Type_2	3264	2448	3
908	train/Type_2/789.jpg	Type_2	3264	2448	3
909	train/Type_2/78.jpg	Type_2	4160	3120	3
910	train/Type_2/790.jpg	Type_2	4128	3096	3
911	train/Type_2/792.jpg	Type_2	3264	2448	3
912	train/Type_2/793.jpg	Type_2	3264	2448	3
913	train/Type_2/794.jpg	Type_2	4128	3096	3
914	train/Type_2/795.jpg	Type_2	3264	2448	3
915	train/Type_2/797.jpg	Type_2	2448	3264	3
916	train/Type_2/798.jpg	Type_2	4160	3120	3
917	train/Type_2/79.jpg	Type_2	4128	3096	3
918	train/Type_2/804.jpg	Type_2	4128	3096	3
919	train/Type_2/807.jpg	Type_2	3264	2448	3
920	train/Type_2/80.jpg	Type_2	3264	2448	3
921	train/Type_2/813.jpg	Type_2	3264	2448	3
922	train/Type_2/815.jpg	Type_2	3264	2448	3
923	train/Type_2/816.jpg	Type_2	3264	2448	3
924	train/Type_2/819.jpg	Type_2	4128	3096	3
925	train/Type_2/824.jpg	Type_2	4128	3096	3
926	train/Type_2/826.jpg	Type_2	4128	3096	3
927	train/Type_2/827.jpg	Type_2	3264	2448	3
928	train/Type_2/829.jpg	Type_2	3264	2448	3
929	train/Type_2/830.jpg	Type_2	4128	3096	3
930	train/Type_2/831.jpg	Type_2	2448	3264	3
931	train/Type_2/832.jpg	Type_2	4128	3096	3
932	train/Type_2/834.jpg	Type_2	4128	3096	3
933	train/Type_2/838.jpg	Type_2	4128	3096	3
934	train/Type_2/841.jpg	Type_2	3264	2448	3
935	train/Type_2/843.jpg	Type_2	3264	2448	3
936	train/Type_2/844.jpg	Type_2	3264	2448	3
937	train/Type_2/847.jpg	Type_2	4128	3096	3
938	train/Type_2/849.jpg	Type_2	4128	3096	3
939	train/Type_2/84.jpg	Type_2	4128	3096	3
940	train/Type_2/850.jpg	Type_2	4128	3096	3
941	train/Type_2/851.jpg	Type_2	3264	2448	3
942	train/Type_2/852.jpg	Type_2	3264	2448	3
943	train/Type_2/854.jpg	Type_2	3264	2448	3
944	train/Type_2/856.jpg	Type_2	4128	3096	3
945	train/Type_2/857.jpg	Type_2	4128	3096	3
946	train/Type_2/858.jpg	Type_2	4128	3096	3
947	train/Type_2/859.jpg	Type_2	3264	2448	3
948	train/Type_2/85.jpg	Type_2	3264	2448	3
949	train/Type_2/860.jpg	Type_2	4128	3096	3
950	train/Type_2/861.jpg	Type_2	3264	2448	3
951	train/Type_2/862.jpg	Type_2	4128	3096	3
952	train/Type_2/863.jpg	Type_2	3264	2448	3
953	train/Type_2/865.jpg	Type_2	4128	3096	3
954	train/Type_2/867.jpg	Type_2	3264	2448	3
955	train/Type_2/868.jpg	Type_2	3264	2448	3
956	train/Type_2/86.jpg	Type_2	4128	3096	3
957	train/Type_2/871.jpg	Type_2	4128	3096	3
958	train/Type_2/874.jpg	Type_2	4128	3096	3
959	train/Type_2/882.jpg	Type_2	3264	2448	3
960	train/Type_2/883.jpg	Type_2	3264	2448	3
961	train/Type_2/884.jpg	Type_2	2448	3264	3
962	train/Type_2/886.jpg	Type_2	3264	2448	3
963	train/Type_2/888.jpg	Type_2	4128	3096	3
964	train/Type_2/88.jpg	Type_2	3264	2448	3
965	train/Type_2/894.jpg	Type_2	4128	2322	3
966	train/Type_2/896.jpg	Type_2	4128	3096	3
967	train/Type_2/89.jpg	Type_2	3264	2448	3
968	train/Type_2/8.jpg	Type_2	4128	3096	3
969	train/Type_2/903.jpg	Type_2	4128	3096	3
970	train/Type_2/904.jpg	Type_2	3264	2448	3
971	train/Type_2/905.jpg	Type_2	4128	3096	3
972	train/Type_2/90.jpg	Type_2	4128	3096	3
973	train/Type_2/911.jpg	Type_2	3264	2448	3
974	train/Type_2/912.jpg	Type_2	3264	2448	3
975	train/Type_2/913.jpg	Type_2	4128	3096	3
976	train/Type_2/915.jpg	Type_2	4160	3120	3
977	train/Type_2/919.jpg	Type_2	2448	3264	3
978	train/Type_2/91.jpg	Type_2	2448	3264	3
979	train/Type_2/922.jpg	Type_2	3264	2448	3
980	train/Type_2/925.jpg	Type_2	3264	2448	3
981	train/Type_2/926.jpg	Type_2	3264	2448	3
982	train/Type_2/929.jpg	Type_2	4128	3096	3
983	train/Type_2/92.jpg	Type_2	4128	3096	3
984	train/Type_2/932.jpg	Type_2	4128	3096	3
985	train/Type_2/933.jpg	Type_2	4128	3096	3
986	train/Type_2/934.jpg	Type_2	4128	3096	3
987	train/Type_2/935.jpg	Type_2	3264	2448	3
988	train/Type_2/936.jpg	Type_2	4128	3096	3
989	train/Type_2/937.jpg	Type_2	4128	3096	3
990	train/Type_2/938.jpg	Type_2	3096	4128	3
991	train/Type_2/939.jpg	Type_2	4128	3096	3
992	train/Type_2/93.jpg	Type_2	4128	3096	3
993	train/Type_2/940.jpg	Type_2	3264	2448	3
994	train/Type_2/942.jpg	Type_2	3264	2448	3
995	train/Type_2/946.jpg	Type_2	3264	2448	3
996	train/Type_2/948.jpg	Type_2	4128	3096	3
997	train/Type_2/94.jpg	Type_2	4128	3096	3
998	train/Type_2/955.jpg	Type_2	4128	3096	3
999	train/Type_2/956.jpg	Type_2	4128	3096	3
1000	train/Type_2/957.jpg	Type_2	3264	2448	3
1001	train/Type_2/958.jpg	Type_2	3264	2448	3
1002	train/Type_2/959.jpg	Type_2	4128	3096	3
1003	train/Type_2/95.jpg	Type_2	3264	2448	3
1004	train/Type_2/960.jpg	Type_2	4128	3096	3
1005	train/Type_2/961.jpg	Type_2	3264	2448	3
1006	train/Type_2/963.jpg	Type_2	4128	3096	3
1007	train/Type_2/964.jpg	Type_2	4128	3096	3
1008	train/Type_2/966.jpg	Type_2	4128	3096	3
1009	train/Type_2/967.jpg	Type_2	4128	3096	3
1010	train/Type_2/969.jpg	Type_2	4128	3096	3
1011	train/Type_2/970.jpg	Type_2	4128	3096	3
1012	train/Type_2/971.jpg	Type_2	4128	3096	3
1013	train/Type_2/973.jpg	Type_2	4128	3096	3
1014	train/Type_2/974.jpg	Type_2	3264	2448	3
1015	train/Type_2/976.jpg	Type_2	3264	2448	3
1016	train/Type_2/978.jpg	Type_2	4128	3096	3
1017	train/Type_2/979.jpg	Type_2	3264	2448	3
1018	train/Type_2/97.jpg	Type_2	4128	3096	3
1019	train/Type_2/981.jpg	Type_2	3264	2448	3
1020	train/Type_2/985.jpg	Type_2	3264	2448	3
1021	train/Type_2/987.jpg	Type_2	4128	3096	3
1022	train/Type_2/988.jpg	Type_2	3264	2448	3
1023	train/Type_2/989.jpg	Type_2	3264	2448	3
1024	train/Type_2/990.jpg	Type_2	3264	2448	3
1025	train/Type_2/992.jpg	Type_2	4128	3096	3
1026	train/Type_2/994.jpg	Type_2	3264	2448	3
1027	train/Type_2/997.jpg	Type_2	3264	2448	3
1028	train/Type_2/999.jpg	Type_2	4128	3096	3
1029	train/Type_2/99.jpg	Type_2	3264	2448	3
1030	train/Type_2/9.jpg	Type_2	4128	3096	3
1031	train/Type_3/1000.jpg	Type_3	3264	2448	3
1032	train/Type_3/1003.jpg	Type_3	3264	2448	3
1033	train/Type_3/1004.jpg	Type_3	3264	2448	3
1034	train/Type_3/1007.jpg	Type_3	3264	2448	3
1035	train/Type_3/1008.jpg	Type_3	3264	2448	3
1036	train/Type_3/1009.jpg	Type_3	3264	2448	3
1037	train/Type_3/1015.jpg	Type_3	3264	2448	3
1038	train/Type_3/1020.jpg	Type_3	3264	2448	3
1039	train/Type_3/1028.jpg	Type_3	3264	2448	3
1040	train/Type_3/1029.jpg	Type_3	3264	2448	3
1041	train/Type_3/1030.jpg	Type_3	3264	2448	3
1042	train/Type_3/1031.jpg	Type_3	4128	3096	3
1043	train/Type_3/1034.jpg	Type_3	3264	2448	3
1044	train/Type_3/1037.jpg	Type_3	3264	2448	3
1045	train/Type_3/1041.jpg	Type_3	4128	3096	3
1046	train/Type_3/1045.jpg	Type_3	3264	2448	3
1047	train/Type_3/1048.jpg	Type_3	3264	2448	3
1048	train/Type_3/1052.jpg	Type_3	2448	3264	3
1049	train/Type_3/1053.jpg	Type_3	3264	2448	3
1050	train/Type_3/1060.jpg	Type_3	3264	2448	3
1051	train/Type_3/1062.jpg	Type_3	3264	2448	3
1052	train/Type_3/1063.jpg	Type_3	3264	2448	3
1053	train/Type_3/1064.jpg	Type_3	3264	2448	3
1054	train/Type_3/1069.jpg	Type_3	3264	2448	3
1055	train/Type_3/106.jpg	Type_3	3264	2448	3
1056	train/Type_3/1080.jpg	Type_3	3264	2448	3
1057	train/Type_3/1081.jpg	Type_3	3264	2448	3
1058	train/Type_3/1082.jpg	Type_3	3264	2448	3
1059	train/Type_3/1086.jpg	Type_3	4128	3096	3
1060	train/Type_3/1088.jpg	Type_3	4128	3096	3
1061	train/Type_3/108.jpg	Type_3	4128	3096	3
1062	train/Type_3/1092.jpg	Type_3	3264	2448	3
1063	train/Type_3/1094.jpg	Type_3	4128	3096	3
1064	train/Type_3/1095.jpg	Type_3	3264	2448	3
1065	train/Type_3/1101.jpg	Type_3	3264	2448	3
1066	train/Type_3/1107.jpg	Type_3	3264	2448	3
1067	train/Type_3/1108.jpg	Type_3	4128	3096	3
1068	train/Type_3/1110.jpg	Type_3	3264	2448	3
1069	train/Type_3/1111.jpg	Type_3	4128	3096	3
1070	train/Type_3/1112.jpg	Type_3	4128	3096	3
1071	train/Type_3/1113.jpg	Type_3	3264	2448	3
1072	train/Type_3/111.jpg	Type_3	4128	3096	3
1073	train/Type_3/1120.jpg	Type_3	4128	3096	3
1074	train/Type_3/1127.jpg	Type_3	3264	2448	3
1075	train/Type_3/1128.jpg	Type_3	3264	2448	3
1076	train/Type_3/1129.jpg	Type_3	4128	3096	3
1077	train/Type_3/1133.jpg	Type_3	3264	2448	3
1078	train/Type_3/1137.jpg	Type_3	3264	2448	3
1079	train/Type_3/113.jpg	Type_3	4128	3096	3
1080	train/Type_3/114.jpg	Type_3	3264	2448	3
1081	train/Type_3/1150.jpg	Type_3	3264	2448	3
1082	train/Type_3/1153.jpg	Type_3	3264	2448	3
1083	train/Type_3/1157.jpg	Type_3	3264	2448	3
1084	train/Type_3/1162.jpg	Type_3	3264	2448	3
1085	train/Type_3/1163.jpg	Type_3	3264	2448	3
1086	train/Type_3/1164.jpg	Type_3	4128	2322	3
1087	train/Type_3/1165.jpg	Type_3	2448	3264	3
1088	train/Type_3/1166.jpg	Type_3	3264	2448	3
1089	train/Type_3/1167.jpg	Type_3	3264	2448	3
1090	train/Type_3/1177.jpg	Type_3	3096	4128	3
1091	train/Type_3/1182.jpg	Type_3	3264	2448	3
1092	train/Type_3/1183.jpg	Type_3	4128	3096	3
1093	train/Type_3/118.jpg	Type_3	3264	2448	3
1094	train/Type_3/1191.jpg	Type_3	3264	2448	3
1095	train/Type_3/11.jpg	Type_3	4128	3096	3
1096	train/Type_3/1200.jpg	Type_3	3264	2448	3
1097	train/Type_3/1206.jpg	Type_3	4128	3096	3
1098	train/Type_3/1207.jpg	Type_3	3264	2448	3
1099	train/Type_3/1208.jpg	Type_3	4128	2322	3
1100	train/Type_3/1221.jpg	Type_3	3264	2448	3
1101	train/Type_3/1224.jpg	Type_3	4128	3096	3
1102	train/Type_3/1232.jpg	Type_3	4128	3096	3
1103	train/Type_3/1235.jpg	Type_3	3264	2448	3
1104	train/Type_3/1237.jpg	Type_3	3264	2448	3
1105	train/Type_3/1244.jpg	Type_3	3264	2448	3
1106	train/Type_3/1248.jpg	Type_3	3096	4128	3
1107	train/Type_3/124.jpg	Type_3	4128	3096	3
1108	train/Type_3/1252.jpg	Type_3	4128	3096	3
1109	train/Type_3/1254.jpg	Type_3	3264	2448	3
1110	train/Type_3/1256.jpg	Type_3	4128	2322	3
1111	train/Type_3/1259.jpg	Type_3	3264	2448	3
1112	train/Type_3/125.jpg	Type_3	3264	2448	3
1113	train/Type_3/1265.jpg	Type_3	4128	3096	3
1114	train/Type_3/1268.jpg	Type_3	3264	2448	3
1115	train/Type_3/1270.jpg	Type_3	4128	3096	3
1116	train/Type_3/1275.jpg	Type_3	4128	3096	3
1117	train/Type_3/1277.jpg	Type_3	3264	2448	3
1118	train/Type_3/1278.jpg	Type_3	3264	2448	3
1119	train/Type_3/1280.jpg	Type_3	3264	2448	3
1120	train/Type_3/1284.jpg	Type_3	3264	2448	3
1121	train/Type_3/1286.jpg	Type_3	3264	2448	3
1122	train/Type_3/1287.jpg	Type_3	3264	2448	3
1123	train/Type_3/1291.jpg	Type_3	3264	2448	3
1124	train/Type_3/1296.jpg	Type_3	4128	3096	3
1125	train/Type_3/1300.jpg	Type_3	3264	2448	3
1126	train/Type_3/1306.jpg	Type_3	3264	2448	3
1127	train/Type_3/1307.jpg	Type_3	3264	2448	3
1128	train/Type_3/1309.jpg	Type_3	3264	2448	3
1129	train/Type_3/130.jpg	Type_3	3264	2448	3
1130	train/Type_3/1323.jpg	Type_3	3264	2448	3
1131	train/Type_3/132.jpg	Type_3	3264	2448	3
1132	train/Type_3/1332.jpg	Type_3	3264	2448	3
1133	train/Type_3/1333.jpg	Type_3	4128	3096	3
1134	train/Type_3/1335.jpg	Type_3	4128	3096	3
1135	train/Type_3/1341.jpg	Type_3	3264	2448	3
1136	train/Type_3/1347.jpg	Type_3	3264	2448	3
1137	train/Type_3/1350.jpg	Type_3	3264	2448	3
1138	train/Type_3/1351.jpg	Type_3	4128	3096	3
1139	train/Type_3/1355.jpg	Type_3	3264	2448	3
1140	train/Type_3/135.jpg	Type_3	3264	2448	3
1141	train/Type_3/1360.jpg	Type_3	3264	2448	3
1142	train/Type_3/1364.jpg	Type_3	3264	2448	3
1143	train/Type_3/1366.jpg	Type_3	3264	2448	3
1144	train/Type_3/1367.jpg	Type_3	3264	2448	3
1145	train/Type_3/1372.jpg	Type_3	2448	3264	3
1146	train/Type_3/1374.jpg	Type_3	4128	3096	3
1147	train/Type_3/1375.jpg	Type_3	3264	2448	3
1148	train/Type_3/1382.jpg	Type_3	3264	2448	3
1149	train/Type_3/1387.jpg	Type_3	4128	3096	3
1150	train/Type_3/1394.jpg	Type_3	3264	2448	3
1151	train/Type_3/1396.jpg	Type_3	4128	3096	3
1152	train/Type_3/1397.jpg	Type_3	3264	2448	3
1153	train/Type_3/1400.jpg	Type_3	3264	2448	3
1154	train/Type_3/1401.jpg	Type_3	4128	3096	3
1155	train/Type_3/1402.jpg	Type_3	3264	2448	3
1156	train/Type_3/1403.jpg	Type_3	3264	2448	3
1157	train/Type_3/1404.jpg	Type_3	3264	2448	3
1158	train/Type_3/1408.jpg	Type_3	3264	2448	3
1159	train/Type_3/1409.jpg	Type_3	3264	2448	3
1160	train/Type_3/1410.jpg	Type_3	4128	3096	3
1161	train/Type_3/1412.jpg	Type_3	4128	3096	3
1162	train/Type_3/1417.jpg	Type_3	4128	3096	3
1163	train/Type_3/141.jpg	Type_3	3264	2448	3
1164	train/Type_3/1420.jpg	Type_3	3264	2448	3
1165	train/Type_3/1423.jpg	Type_3	3264	2448	3
1166	train/Type_3/1425.jpg	Type_3	3264	2448	3
1167	train/Type_3/1429.jpg	Type_3	4128	3096	3
1168	train/Type_3/1431.jpg	Type_3	3264	2448	3
1169	train/Type_3/1434.jpg	Type_3	4128	3096	3
1170	train/Type_3/143.jpg	Type_3	3264	2448	3
1171	train/Type_3/1442.jpg	Type_3	4128	3096	3
1172	train/Type_3/1447.jpg	Type_3	4128	3096	3
1173	train/Type_3/1448.jpg	Type_3	2448	3264	3
1174	train/Type_3/1455.jpg	Type_3	3264	2448	3
1175	train/Type_3/1458.jpg	Type_3	3264	2448	3
1176	train/Type_3/1459.jpg	Type_3	3264	2448	3
1177	train/Type_3/145.jpg	Type_3	4128	3096	3
1178	train/Type_3/1460.jpg	Type_3	4128	3096	3
1179	train/Type_3/1461.jpg	Type_3	3264	2448	3
1180	train/Type_3/1469.jpg	Type_3	3264	2448	3
1181	train/Type_3/146.jpg	Type_3	4128	3096	3
1182	train/Type_3/1470.jpg	Type_3	3264	2448	3
1183	train/Type_3/1475.jpg	Type_3	3264	2448	3
1184	train/Type_3/1477.jpg	Type_3	3264	2448	3
1185	train/Type_3/1479.jpg	Type_3	3264	2448	3
1186	train/Type_3/150.jpg	Type_3	3264	2448	3
1187	train/Type_3/154.jpg	Type_3	3264	2448	3
1188	train/Type_3/155.jpg	Type_3	3264	2448	3
1189	train/Type_3/158.jpg	Type_3	3264	2448	3
1190	train/Type_3/163.jpg	Type_3	3264	2448	3
1191	train/Type_3/166.jpg	Type_3	3264	2448	3
1192	train/Type_3/169.jpg	Type_3	3264	2448	3
1193	train/Type_3/16.jpg	Type_3	4128	3096	3
1194	train/Type_3/170.jpg	Type_3	3264	2448	3
1195	train/Type_3/172.jpg	Type_3	3264	2448	3
1196	train/Type_3/174.jpg	Type_3	3264	2448	3
1197	train/Type_3/179.jpg	Type_3	4128	3096	3
1198	train/Type_3/187.jpg	Type_3	4128	3096	3
1199	train/Type_3/188.jpg	Type_3	4128	3096	3
1200	train/Type_3/18.jpg	Type_3	4128	3096	3
1201	train/Type_3/193.jpg	Type_3	4128	3096	3
1202	train/Type_3/194.jpg	Type_3	4128	3096	3
1203	train/Type_3/196.jpg	Type_3	2448	3264	3
1204	train/Type_3/197.jpg	Type_3	3264	2448	3
1205	train/Type_3/199.jpg	Type_3	3264	2448	3
1206	train/Type_3/200.jpg	Type_3	3264	2448	3
1207	train/Type_3/202.jpg	Type_3	4128	3096	3
1208	train/Type_3/207.jpg	Type_3	3264	2448	3
1209	train/Type_3/20.jpg	Type_3	3264	2448	3
1210	train/Type_3/211.jpg	Type_3	3264	2448	3
1211	train/Type_3/212.jpg	Type_3	3264	2448	3
1212	train/Type_3/214.jpg	Type_3	3264	2448	3
1213	train/Type_3/217.jpg	Type_3	3264	2448	3
1214	train/Type_3/220.jpg	Type_3	3264	2448	3
1215	train/Type_3/221.jpg	Type_3	3264	2448	3
1216	train/Type_3/222.jpg	Type_3	3264	2448	3
1217	train/Type_3/226.jpg	Type_3	4128	3096	3
1218	train/Type_3/228.jpg	Type_3	4128	3096	3
1219	train/Type_3/232.jpg	Type_3	3264	2448	3
1220	train/Type_3/23.jpg	Type_3	4128	3096	3
1221	train/Type_3/242.jpg	Type_3	4128	3096	3
1222	train/Type_3/247.jpg	Type_3	3264	2448	3
1223	train/Type_3/249.jpg	Type_3	4128	3096	3
1224	train/Type_3/253.jpg	Type_3	4128	2322	3
1225	train/Type_3/256.jpg	Type_3	3264	2448	3
1226	train/Type_3/258.jpg	Type_3	3264	2448	3
1227	train/Type_3/259.jpg	Type_3	3264	2448	3
1228	train/Type_3/25.jpg	Type_3	3264	2448	3
1229	train/Type_3/260.jpg	Type_3	3264	2448	3
1230	train/Type_3/261.jpg	Type_3	4128	3096	3
1231	train/Type_3/263.jpg	Type_3	3264	2448	3
1232	train/Type_3/269.jpg	Type_3	4128	3096	3
1233	train/Type_3/272.jpg	Type_3	4128	3096	3
1234	train/Type_3/273.jpg	Type_3	3264	2448	3
1235	train/Type_3/275.jpg	Type_3	2448	3264	3
1236	train/Type_3/277.jpg	Type_3	3264	2448	3
1237	train/Type_3/280.jpg	Type_3	3264	2448	3
1238	train/Type_3/286.jpg	Type_3	4128	3096	3
1239	train/Type_3/287.jpg	Type_3	3264	2448	3
1240	train/Type_3/289.jpg	Type_3	4128	3096	3
1241	train/Type_3/292.jpg	Type_3	3264	2448	3
1242	train/Type_3/295.jpg	Type_3	3264	2448	3
1243	train/Type_3/299.jpg	Type_3	4128	3096	3
1244	train/Type_3/300.jpg	Type_3	3264	2448	3
1245	train/Type_3/304.jpg	Type_3	4128	3096	3
1246	train/Type_3/307.jpg	Type_3	3264	2448	3
1247	train/Type_3/309.jpg	Type_3	4128	3096	3
1248	train/Type_3/30.jpg	Type_3	4128	3096	3
1249	train/Type_3/318.jpg	Type_3	3264	2448	3
1250	train/Type_3/320.jpg	Type_3	4128	3096	3
1251	train/Type_3/321.jpg	Type_3	4128	3096	3
1252	train/Type_3/322.jpg	Type_3	3264	2448	3
1253	train/Type_3/323.jpg	Type_3	3264	2448	3
1254	train/Type_3/324.jpg	Type_3	3264	2448	3
1255	train/Type_3/325.jpg	Type_3	4128	3096	3
1256	train/Type_3/327.jpg	Type_3	4160	3120	3
1257	train/Type_3/328.jpg	Type_3	3264	2448	3
1258	train/Type_3/335.jpg	Type_3	3264	2448	3
1259	train/Type_3/336.jpg	Type_3	4128	3096	3
1260	train/Type_3/33.jpg	Type_3	3264	2448	3
1261	train/Type_3/344.jpg	Type_3	3264	2448	3
1262	train/Type_3/347.jpg	Type_3	4128	3096	3
1263	train/Type_3/350.jpg	Type_3	3264	2448	3
1264	train/Type_3/352.jpg	Type_3	3096	4128	3
1265	train/Type_3/355.jpg	Type_3	3264	2448	3
1266	train/Type_3/357.jpg	Type_3	3264	2448	3
1267	train/Type_3/361.jpg	Type_3	4128	3096	3
1268	train/Type_3/362.jpg	Type_3	3264	2448	3
1269	train/Type_3/363.jpg	Type_3	4128	3096	3
1270	train/Type_3/370.jpg	Type_3	4128	3096	3
1271	train/Type_3/373.jpg	Type_3	3264	2448	3
1272	train/Type_3/380.jpg	Type_3	3264	2448	3
1273	train/Type_3/38.jpg	Type_3	3264	2448	3
1274	train/Type_3/390.jpg	Type_3	3096	4128	3
1275	train/Type_3/391.jpg	Type_3	4128	3096	3
1276	train/Type_3/392.jpg	Type_3	3264	2448	3
1277	train/Type_3/399.jpg	Type_3	3264	2448	3
1278	train/Type_3/3.jpg	Type_3	4160	3120	3
1279	train/Type_3/402.jpg	Type_3	3264	2448	3
1280	train/Type_3/405.jpg	Type_3	3264	2448	3
1281	train/Type_3/409.jpg	Type_3	3264	2448	3
1282	train/Type_3/415.jpg	Type_3	2448	3264	3
1283	train/Type_3/417.jpg	Type_3	3264	2448	3
1284	train/Type_3/422.jpg	Type_3	3264	2448	3
1285	train/Type_3/424.jpg	Type_3	3264	2448	3
1286	train/Type_3/426.jpg	Type_3	3264	2448	3
1287	train/Type_3/427.jpg	Type_3	4128	3096	3
1288	train/Type_3/430.jpg	Type_3	4128	3096	3
1289	train/Type_3/431.jpg	Type_3	3264	2448	3
1290	train/Type_3/433.jpg	Type_3	3264	2448	3
1291	train/Type_3/435.jpg	Type_3	3264	2448	3
1292	train/Type_3/436.jpg	Type_3	3264	2448	3
1293	train/Type_3/439.jpg	Type_3	3264	2448	3
1294	train/Type_3/450.jpg	Type_3	4128	3096	3
1295	train/Type_3/459.jpg	Type_3	3264	2448	3
1296	train/Type_3/465.jpg	Type_3	3264	2448	3
1297	train/Type_3/466.jpg	Type_3	3264	2448	3
1298	train/Type_3/467.jpg	Type_3	3264	2448	3
1299	train/Type_3/468.jpg	Type_3	4128	3096	3
1300	train/Type_3/475.jpg	Type_3	4128	3096	3
1301	train/Type_3/477.jpg	Type_3	3264	2448	3
1302	train/Type_3/479.jpg	Type_3	3264	2448	3
1303	train/Type_3/480.jpg	Type_3	3264	2448	3
1304	train/Type_3/489.jpg	Type_3	2448	3264	3
1305	train/Type_3/491.jpg	Type_3	4128	3096	3
1306	train/Type_3/492.jpg	Type_3	4128	3096	3
1307	train/Type_3/494.jpg	Type_3	3264	2448	3
1308	train/Type_3/495.jpg	Type_3	3264	2448	3
1309	train/Type_3/498.jpg	Type_3	3264	2448	3
1310	train/Type_3/49.jpg	Type_3	3264	2448	3
1311	train/Type_3/500.jpg	Type_3	4160	3120	3
1312	train/Type_3/50.jpg	Type_3	3264	2448	3
1313	train/Type_3/510.jpg	Type_3	3264	2448	3
1314	train/Type_3/511.jpg	Type_3	3264	2448	3
1315	train/Type_3/512.jpg	Type_3	4128	3096	3
1316	train/Type_3/514.jpg	Type_3	3264	2448	3
1317	train/Type_3/519.jpg	Type_3	2448	3264	3
1318	train/Type_3/520.jpg	Type_3	3264	2448	3
1319	train/Type_3/527.jpg	Type_3	3264	2448	3
1320	train/Type_3/530.jpg	Type_3	4128	3096	3
1321	train/Type_3/543.jpg	Type_3	4128	3096	3
1322	train/Type_3/554.jpg	Type_3	3264	2448	3
1323	train/Type_3/555.jpg	Type_3	3264	2448	3
1324	train/Type_3/565.jpg	Type_3	3264	2448	3
1325	train/Type_3/567.jpg	Type_3	3264	2448	3
1326	train/Type_3/571.jpg	Type_3	3264	2448	3
1327	train/Type_3/573.jpg	Type_3	3264	2448	3
1328	train/Type_3/575.jpg	Type_3	4128	3096	3
1329	train/Type_3/585.jpg	Type_3	4128	3096	3
1330	train/Type_3/587.jpg	Type_3	3264	2448	3
1331	train/Type_3/58.jpg	Type_3	3264	2448	3
1332	train/Type_3/590.jpg	Type_3	3264	2448	3
1333	train/Type_3/594.jpg	Type_3	4128	2322	3
1334	train/Type_3/598.jpg	Type_3	4128	3096	3
1335	train/Type_3/599.jpg	Type_3	3264	2448	3
1336	train/Type_3/59.jpg	Type_3	3264	2448	3
1337	train/Type_3/5.jpg	Type_3	4128	3096	3
1338	train/Type_3/600.jpg	Type_3	3264	2448	3
1339	train/Type_3/604.jpg	Type_3	3264	2448	3
1340	train/Type_3/606.jpg	Type_3	4160	3120	3
1341	train/Type_3/617.jpg	Type_3	3264	2448	3
1342	train/Type_3/61.jpg	Type_3	3264	2448	3
1343	train/Type_3/625.jpg	Type_3	3264	2448	3
1344	train/Type_3/626.jpg	Type_3	4128	3096	3
1345	train/Type_3/627.jpg	Type_3	3264	2448	3
1346	train/Type_3/628.jpg	Type_3	4128	3096	3
1347	train/Type_3/629.jpg	Type_3	3264	2448	3
1348	train/Type_3/62.jpg	Type_3	3264	2448	3
1349	train/Type_3/630.jpg	Type_3	4128	3096	3
1350	train/Type_3/631.jpg	Type_3	4128	3096	3
1351	train/Type_3/635.jpg	Type_3	3264	2448	3
1352	train/Type_3/636.jpg	Type_3	3264	2448	3
1353	train/Type_3/637.jpg	Type_3	3264	2448	3
1354	train/Type_3/638.jpg	Type_3	4128	3096	3
1355	train/Type_3/63.jpg	Type_3	3264	2448	3
1356	train/Type_3/646.jpg	Type_3	3264	2448	3
1357	train/Type_3/650.jpg	Type_3	4128	3096	3
1358	train/Type_3/654.jpg	Type_3	4128	3096	3
1359	train/Type_3/661.jpg	Type_3	3264	2448	3
1360	train/Type_3/664.jpg	Type_3	4128	3096	3
1361	train/Type_3/669.jpg	Type_3	3264	2448	3
1362	train/Type_3/670.jpg	Type_3	4128	3096	3
1363	train/Type_3/672.jpg	Type_3	3264	2448	3
1364	train/Type_3/675.jpg	Type_3	3264	2448	3
1365	train/Type_3/679.jpg	Type_3	3264	2448	3
1366	train/Type_3/682.jpg	Type_3	3264	2448	3
1367	train/Type_3/689.jpg	Type_3	3264	2448	3
1368	train/Type_3/690.jpg	Type_3	2448	3264	3
1369	train/Type_3/692.jpg	Type_3	3264	2448	3
1370	train/Type_3/694.jpg	Type_3	4128	3096	3
1371	train/Type_3/695.jpg	Type_3	2448	3264	3
1372	train/Type_3/697.jpg	Type_3	3264	2448	3
1373	train/Type_3/69.jpg	Type_3	4128	3096	3
1374	train/Type_3/706.jpg	Type_3	3264	2448	3
1375	train/Type_3/70.jpg	Type_3	4128	3096	3
1376	train/Type_3/711.jpg	Type_3	4128	3096	3
1377	train/Type_3/715.jpg	Type_3	4128	3096	3
1378	train/Type_3/71.jpg	Type_3	4128	3096	3
1379	train/Type_3/721.jpg	Type_3	3264	2448	3
1380	train/Type_3/728.jpg	Type_3	640	480	3
1381	train/Type_3/731.jpg	Type_3	3264	2448	3
1382	train/Type_3/733.jpg	Type_3	4128	3096	3
1383	train/Type_3/734.jpg	Type_3	4128	3096	3
1384	train/Type_3/735.jpg	Type_3	3264	2448	3
1385	train/Type_3/736.jpg	Type_3	3264	2448	3
1386	train/Type_3/737.jpg	Type_3	3264	2448	3
1387	train/Type_3/73.jpg	Type_3	3264	2448	3
1388	train/Type_3/740.jpg	Type_3	3264	2448	3
1389	train/Type_3/742.jpg	Type_3	3264	2448	3
1390	train/Type_3/746.jpg	Type_3	4128	3096	3
1391	train/Type_3/747.jpg	Type_3	4128	3096	3
1392	train/Type_3/750.jpg	Type_3	4128	3096	3
1393	train/Type_3/752.jpg	Type_3	4128	3096	3
1394	train/Type_3/755.jpg	Type_3	4128	3096	3
1395	train/Type_3/757.jpg	Type_3	3264	2448	3
1396	train/Type_3/758.jpg	Type_3	2448	3264	3
1397	train/Type_3/766.jpg	Type_3	4128	3096	3
1398	train/Type_3/767.jpg	Type_3	3264	2448	3
1399	train/Type_3/770.jpg	Type_3	3264	2448	3
1400	train/Type_3/773.jpg	Type_3	3264	2448	3
1401	train/Type_3/774.jpg	Type_3	4128	3096	3
1402	train/Type_3/776.jpg	Type_3	3264	2448	3
1403	train/Type_3/778.jpg	Type_3	2448	3264	3
1404	train/Type_3/780.jpg	Type_3	3264	2448	3
1405	train/Type_3/782.jpg	Type_3	3264	2448	3
1406	train/Type_3/784.jpg	Type_3	3264	2448	3
1407	train/Type_3/788.jpg	Type_3	3264	2448	3
1408	train/Type_3/796.jpg	Type_3	3264	2448	3
1409	train/Type_3/799.jpg	Type_3	3264	2448	3
1410	train/Type_3/800.jpg	Type_3	4128	3096	3
1411	train/Type_3/801.jpg	Type_3	3264	2448	3
1412	train/Type_3/803.jpg	Type_3	3264	2448	3
1413	train/Type_3/806.jpg	Type_3	3264	2448	3
1414	train/Type_3/808.jpg	Type_3	3264	2448	3
1415	train/Type_3/811.jpg	Type_3	3264	2448	3
1416	train/Type_3/812.jpg	Type_3	3264	2448	3
1417	train/Type_3/818.jpg	Type_3	3264	2448	3
1418	train/Type_3/820.jpg	Type_3	3264	2448	3
1419	train/Type_3/822.jpg	Type_3	3264	2448	3
1420	train/Type_3/823.jpg	Type_3	3096	4128	3
1421	train/Type_3/825.jpg	Type_3	4128	3096	3
1422	train/Type_3/828.jpg	Type_3	3264	2448	3
1423	train/Type_3/82.jpg	Type_3	4128	3096	3
1424	train/Type_3/835.jpg	Type_3	3264	2448	3
1425	train/Type_3/837.jpg	Type_3	3264	2448	3
1426	train/Type_3/839.jpg	Type_3	4128	3096	3
1427	train/Type_3/83.jpg	Type_3	3264	2448	3
1428	train/Type_3/840.jpg	Type_3	3264	2448	3
1429	train/Type_3/845.jpg	Type_3	4128	3096	3
1430	train/Type_3/848.jpg	Type_3	3264	2448	3
1431	train/Type_3/853.jpg	Type_3	3264	2448	3
1432	train/Type_3/864.jpg	Type_3	3264	2448	3
1433	train/Type_3/866.jpg	Type_3	3264	2448	3
1434	train/Type_3/869.jpg	Type_3	3264	2448	3
1435	train/Type_3/870.jpg	Type_3	3264	2448	3
1436	train/Type_3/872.jpg	Type_3	3264	2448	3
1437	train/Type_3/875.jpg	Type_3	3264	2448	3
1438	train/Type_3/876.jpg	Type_3	4128	3096	3
1439	train/Type_3/877.jpg	Type_3	3264	2448	3
1440	train/Type_3/878.jpg	Type_3	3264	2448	3
1441	train/Type_3/87.jpg	Type_3	3264	2448	3
1442	train/Type_3/881.jpg	Type_3	3264	2448	3
1443	train/Type_3/885.jpg	Type_3	4128	3096	3
1444	train/Type_3/892.jpg	Type_3	3264	2448	3
1445	train/Type_3/893.jpg	Type_3	3264	2448	3
1446	train/Type_3/897.jpg	Type_3	3264	2448	3
1447	train/Type_3/898.jpg	Type_3	3264	2448	3
1448	train/Type_3/899.jpg	Type_3	3264	2448	3
1449	train/Type_3/900.jpg	Type_3	4128	3096	3
1450	train/Type_3/902.jpg	Type_3	3264	2448	3
1451	train/Type_3/907.jpg	Type_3	3264	2448	3
1452	train/Type_3/909.jpg	Type_3	3264	2448	3
1453	train/Type_3/910.jpg	Type_3	3264	2448	3
1454	train/Type_3/914.jpg	Type_3	3264	2448	3
1455	train/Type_3/916.jpg	Type_3	4128	3096	3
1456	train/Type_3/923.jpg	Type_3	3264	2448	3
1457	train/Type_3/924.jpg	Type_3	2448	3264	3
1458	train/Type_3/927.jpg	Type_3	3264	2448	3
1459	train/Type_3/931.jpg	Type_3	4160	3120	3
1460	train/Type_3/941.jpg	Type_3	3264	2448	3
1461	train/Type_3/943.jpg	Type_3	3264	2448	3
1462	train/Type_3/944.jpg	Type_3	3264	2448	3
1463	train/Type_3/945.jpg	Type_3	3264	2448	3
1464	train/Type_3/947.jpg	Type_3	4128	3096	3
1465	train/Type_3/949.jpg	Type_3	3264	2448	3
1466	train/Type_3/950.jpg	Type_3	3264	2448	3
1467	train/Type_3/951.jpg	Type_3	3264	2448	3
1468	train/Type_3/952.jpg	Type_3	3264	2448	3
1469	train/Type_3/953.jpg	Type_3	3264	2448	3
1470	train/Type_3/954.jpg	Type_3	3264	2448	3
1471	train/Type_3/962.jpg	Type_3	3264	2448	3
1472	train/Type_3/968.jpg	Type_3	4128	3096	3
1473	train/Type_3/975.jpg	Type_3	4128	3096	3
1474	train/Type_3/980.jpg	Type_3	3264	2448	3
1475	train/Type_3/983.jpg	Type_3	3264	2448	3
1476	train/Type_3/986.jpg	Type_3	3264	2448	3
1477	train/Type_3/98.jpg	Type_3	4128	2322	3
1478	train/Type_3/993.jpg	Type_3	3264	2448	3
1479	train/Type_3/995.jpg	Type_3	3264	2448	3
1480	train/Type_3/996.jpg	Type_3	3264	2448	3
